,Date,Price
0,2012-12-31,13.44
1,2013-01-01,13.31
2,2013-01-02,13.29
3,2013-01-03,13.32
4,2013-01-04,13.38
5,2013-01-05,13.38
6,2013-01-06,13.42
7,2013-01-07,13.44
8,2013-01-08,13.66
9,2013-01-09,13.69
10,2013-01-10,14.02
11,2013-01-11,14.1
12,2013-01-12,14.15
13,2013-01-13,14.09
14,2013-01-14,14.19
15,2013-01-15,14.19
16,2013-01-16,14.49
17,2013-01-17,15.14
18,2013-01-18,15.64
19,2013-01-19,15.45
20,2013-01-20,15.67
21,2013-01-21,16.35
22,2013-01-22,17.13
23,2013-01-23,17.2
24,2013-01-24,17.77
25,2013-01-25,16.69
26,2013-01-26,17.13
27,2013-01-27,17.57
28,2013-01-28,18.29
29,2013-01-29,19.14
30,2013-01-30,19.43
31,2013-01-31,20.53
32,2013-02-01,20.7
33,2013-02-02,19.48
34,2013-02-03,20.22
35,2013-02-04,20.41
36,2013-02-05,20.53
37,2013-02-06,21.04
38,2013-02-07,21.55
39,2013-02-08,22.4
40,2013-02-09,23.19
41,2013-02-10,23.41
42,2013-02-11,24.04
43,2013-02-12,25.06
44,2013-02-13,25.47
45,2013-02-14,25.41
46,2013-02-15,26.95
47,2013-02-16,27.07
48,2013-02-17,26.38
49,2013-02-18,26.73
50,2013-02-19,28.18
51,2013-02-20,29.47
52,2013-02-21,29.68
53,2013-02-22,30.44
54,2013-02-23,28.97
55,2013-02-24,29.75
56,2013-02-25,30.04
57,2013-02-26,30.95
58,2013-02-27,31.08
59,2013-02-28,32.67
60,2013-03-01,34.19
61,2013-03-02,33.86
62,2013-03-03,34.01
63,2013-03-04,35.29
64,2013-03-05,39.28
65,2013-03-06,45.18
66,2013-03-07,40.87
67,2013-03-08,43.08
68,2013-03-09,45.28
69,2013-03-10,46.69
70,2013-03-11,47.41
71,2013-03-12,43.65
72,2013-03-13,46.16
73,2013-03-14,47.08
74,2013-03-15,46.68
75,2013-03-16,46.52
76,2013-03-17,46.85
77,2013-03-18,48.63
78,2013-03-19,55.13
79,2013-03-20,61.85
80,2013-03-21,68.89
81,2013-03-22,70.45
82,2013-03-23,62.5
83,2013-03-24,68.62
84,2013-03-25,74.02
85,2013-03-26,77.23
86,2013-03-27,84.86
87,2013-03-28,87.49
88,2013-03-29,88.81
89,2013-03-30,91.55
90,2013-03-31,92.59
91,2013-04-01,99.53
92,2013-04-02,107.26
93,2013-04-03,127.86
94,2013-04-04,131.07
95,2013-04-05,138.43
96,2013-04-06,140.64
97,2013-04-07,152.79
98,2013-04-08,180.39
99,2013-04-09,213.72
100,2013-04-10,181.66
101,2013-04-11,131.95
102,2013-04-12,84.59
103,2013-04-13,108.55
104,2013-04-14,97.19
105,2013-04-15,86.91
106,2013-04-16,65.39
107,2013-04-17,84.85
108,2013-04-18,96.78
109,2013-04-19,118.46
110,2013-04-20,122.9
111,2013-04-21,119.29
112,2013-04-22,121.95
113,2013-04-23,132.85
114,2013-04-24,150.41
115,2013-04-25,142.61
116,2013-04-26,131.75
117,2013-04-27,130.5
118,2013-04-28,132.3
119,2013-04-29,141.03
120,2013-04-30,138.98
121,2013-05-01,120.87
122,2013-05-02,106.65
123,2013-05-03,91.35
124,2013-05-04,106.64
125,2013-05-05,113.48
126,2013-05-06,117.03
127,2013-05-07,106.63
128,2013-05-08,112.94
129,2013-05-09,111.15
130,2013-05-10,117.3
131,2013-05-11,115.24
132,2013-05-12,114.25
133,2013-05-13,116.34
134,2013-05-14,114.33
135,2013-05-15,109.6
136,2013-05-16,114.23
137,2013-05-17,119.9
138,2013-05-18,121.96
139,2013-05-19,120.08
140,2013-05-20,120.47
141,2013-05-21,120.06
142,2013-05-22,120.96
143,2013-05-23,123.55
144,2013-05-24,128.8
145,2013-05-25,129.9
146,2013-05-26,132.96
147,2013-05-27,128.94
148,2013-05-28,127.18
149,2013-05-29,129.37
150,2013-05-30,129.11
151,2013-05-31,127.95
152,2013-06-01,128.1
153,2013-06-02,121.94
154,2013-06-03,119.12
155,2013-06-04,120.9
156,2013-06-05,121.11
157,2013-06-06,119.73
158,2013-06-07,112.35
159,2013-06-08,109.07
160,2013-06-09,98.0
161,2013-06-10,104.68
162,2013-06-11,106.83
163,2013-06-12,108.85
164,2013-06-13,105.08
165,2013-06-14,100.54
166,2013-06-15,100.38
167,2013-06-16,99.92
168,2013-06-17,100.72
169,2013-06-18,106.87
170,2013-06-19,106.95
171,2013-06-20,110.04
172,2013-06-21,108.13
173,2013-06-22,105.02
174,2013-06-23,104.93
175,2013-06-24,101.35
176,2013-06-25,103.65
177,2013-06-26,102.27
178,2013-06-27,100.59
179,2013-06-28,95.06
180,2013-06-29,95.08
181,2013-06-30,94.26
182,2013-07-01,89.03
183,2013-07-02,88.13
184,2013-07-03,82.75
185,2013-07-04,77.9
186,2013-07-05,70.82
187,2013-07-06,69.05
188,2013-07-07,70.26
189,2013-07-08,76.0
190,2013-07-09,74.49
191,2013-07-10,81.09
192,2013-07-11,86.41
193,2013-07-12,95.07
194,2013-07-13,91.8
195,2013-07-14,93.97
196,2013-07-15,96.51
197,2013-07-16,95.2
198,2013-07-17,95.32
199,2013-07-18,88.31
200,2013-07-19,89.65
201,2013-07-20,89.09
202,2013-07-21,87.78
203,2013-07-22,88.33
204,2013-07-23,90.9
205,2013-07-24,91.07
206,2013-07-25,93.4
207,2013-07-26,93.13
208,2013-07-27,92.72
209,2013-07-28,96.84
210,2013-07-29,97.5
211,2013-07-30,100.15
212,2013-07-31,104.48
213,2013-08-01,101.46
214,2013-08-02,101.33
215,2013-08-03,100.24
216,2013-08-04,100.79
217,2013-08-05,101.91
218,2013-08-06,102.11
219,2013-08-07,100.82
220,2013-08-08,99.23
221,2013-08-09,97.51
222,2013-08-10,96.99
223,2013-08-11,100.37
224,2013-08-12,102.04
225,2013-08-13,102.21
226,2013-08-14,108.21
227,2013-08-15,105.28
228,2013-08-16,103.99
229,2013-08-17,107.16
230,2013-08-18,109.05
231,2013-08-19,112.91
232,2013-08-20,114.14
233,2013-08-21,115.2
234,2013-08-22,115.7
235,2013-08-23,114.32
236,2013-08-24,114.52
237,2013-08-25,114.69
238,2013-08-26,115.53
239,2013-08-27,124.04
240,2013-08-28,123.32
241,2013-08-29,122.43
242,2013-08-30,131.48
243,2013-08-31,136.3
244,2013-09-01,137.57
245,2013-09-02,136.42
246,2013-09-03,132.95
247,2013-09-04,127.63
248,2013-09-05,119.49
249,2013-09-06,122.84
250,2013-09-07,119.91
251,2013-09-08,125.97
252,2013-09-09,125.47
253,2013-09-10,129.3
254,2013-09-11,132.58
255,2013-09-12,133.53
256,2013-09-13,127.68
257,2013-09-14,128.26
258,2013-09-15,129.7
259,2013-09-16,130.41
260,2013-09-17,131.68
261,2013-09-18,130.19
262,2013-09-19,128.85
263,2013-09-20,127.32
264,2013-09-21,126.95
265,2013-09-22,127.0
266,2013-09-23,125.78
267,2013-09-24,127.26
268,2013-09-25,127.7
269,2013-09-26,130.25
270,2013-09-27,131.82
271,2013-09-28,135.98
272,2013-09-29,132.87
273,2013-09-30,133.44
274,2013-10-01,132.76
275,2013-10-02,120.86
276,2013-10-03,128.9
277,2013-10-04,127.33
278,2013-10-05,127.38
279,2013-10-06,127.86
280,2013-10-07,126.57
281,2013-10-08,131.09
282,2013-10-09,130.41
283,2013-10-10,130.67
284,2013-10-11,133.69
285,2013-10-12,136.79
286,2013-10-13,140.06
287,2013-10-14,145.14
288,2013-10-15,144.82
289,2013-10-16,147.37
290,2013-10-17,154.76
291,2013-10-18,167.98
292,2013-10-19,169.62
293,2013-10-20,182.85
294,2013-10-21,194.49
295,2013-10-22,208.9
296,2013-10-23,195.84
297,2013-10-24,180.55
298,2013-10-25,177.73
299,2013-10-26,195.95
300,2013-10-27,201.42
301,2013-10-28,202.0
302,2013-10-29,204.92
303,2013-10-30,203.76
304,2013-10-31,205.74
305,2013-11-01,208.52
306,2013-11-02,207.34
307,2013-11-03,217.19
308,2013-11-04,234.33
309,2013-11-05,257.48
310,2013-11-06,292.1
311,2013-11-07,316.73
312,2013-11-08,372.91
313,2013-11-09,338.34
314,2013-11-10,339.29
315,2013-11-11,376.88
316,2013-11-12,383.04
317,2013-11-13,425.59
318,2013-11-14,427.98
319,2013-11-15,440.34
320,2013-11-16,481.42
321,2013-11-17,595.83
322,2013-11-18,807.42
323,2013-11-19,567.6
324,2013-11-20,675.89
325,2013-11-21,758.16
326,2013-11-22,896.89
327,2013-11-23,813.33
328,2013-11-24,844.19
329,2013-11-25,847.81
330,2013-11-26,908.58
331,2013-11-27,1012.21
332,2013-11-28,1129.43
333,2013-11-29,1183.59
334,2013-11-30,1103.89
335,2013-12-01,1034.48
336,2013-12-02,1047.9
337,2013-12-03,1090.4
338,2013-12-04,972.6
339,2013-12-05,1017.03
340,2013-12-06,683.44
341,2013-12-07,793.24
342,2013-12-08,892.2
343,2013-12-09,934.58
344,2013-12-10,941.63
345,2013-12-11,880.86
346,2013-12-12,922.68
347,2013-12-13,888.69
348,2013-12-14,835.08
349,2013-12-15,812.61
350,2013-12-16,682.05
351,2013-12-17,480.0
352,2013-12-18,586.67
353,2013-12-19,675.37
354,2013-12-20,613.65
355,2013-12-21,635.8
356,2013-12-22,627.64
357,2013-12-23,649.26
358,2013-12-24,658.45
359,2013-12-25,699.69
360,2013-12-26,745.22
361,2013-12-27,730.17
362,2013-12-28,715.06
363,2013-12-29,733.41
364,2013-12-30,730.04
365,2013-12-31,749.09
366,2014-01-01,739.91
367,2014-01-02,805.03
368,2014-01-03,799.95
369,2014-01-04,848.13
370,2014-01-05,972.99
371,2014-01-06,916.41
372,2014-01-07,843.64
373,2014-01-08,828.06
374,2014-01-09,832.53
375,2014-01-10,900.84
376,2014-01-11,858.47
377,2014-01-12,814.87
378,2014-01-13,834.27
379,2014-01-14,828.69
380,2014-01-15,852.3
381,2014-01-16,826.02
382,2014-01-17,805.12
383,2014-01-18,815.69
384,2014-01-19,848.15
385,2014-01-20,847.32
386,2014-01-21,841.72
387,2014-01-22,827.27
388,2014-01-23,817.41
389,2014-01-24,786.34
390,2014-01-25,819.28
391,2014-01-26,848.67
392,2014-01-27,773.67
393,2014-01-28,817.38
394,2014-01-29,828.76
395,2014-01-30,808.47
396,2014-01-31,827.63
397,2014-02-01,836.57
398,2014-02-02,827.39
399,2014-02-03,825.43
400,2014-02-04,830.15
401,2014-02-05,819.94
402,2014-02-06,783.72
403,2014-02-07,724.48
404,2014-02-08,679.63
405,2014-02-09,688.47
406,2014-02-10,678.52
407,2014-02-11,669.5
408,2014-02-12,659.68
409,2014-02-13,616.05
410,2014-02-14,664.13
411,2014-02-15,653.42
412,2014-02-16,618.06
413,2014-02-17,630.83
414,2014-02-18,627.85
415,2014-02-19,625.52
416,2014-02-20,563.93
417,2014-02-21,573.37
418,2014-02-22,600.87
419,2014-02-23,612.29
420,2014-02-24,552.42
421,2014-02-25,536.13
422,2014-02-26,584.5
423,2014-02-27,581.78
424,2014-02-28,552.85
425,2014-03-01,567.1
426,2014-03-02,557.22
427,2014-03-03,661.22
428,2014-03-04,667.51
429,2014-03-05,662.57
430,2014-03-06,659.12
431,2014-03-07,629.78
432,2014-03-08,618.22
433,2014-03-09,637.41
434,2014-03-10,626.79
435,2014-03-11,632.15
436,2014-03-12,632.58
437,2014-03-13,638.13
438,2014-03-14,628.6
439,2014-03-15,635.17
440,2014-03-16,630.47
441,2014-03-17,622.15
442,2014-03-18,614.3
443,2014-03-19,610.58
444,2014-03-20,589.69
445,2014-03-21,582.89
446,2014-03-22,565.35
447,2014-03-23,565.74
448,2014-03-24,564.58
449,2014-03-25,578.71
450,2014-03-26,580.96
451,2014-03-27,542.8
452,2014-03-28,502.51
453,2014-03-29,498.63
454,2014-03-30,471.35
455,2014-03-31,458.66
456,2014-04-01,462.36
457,2014-04-02,466.43
458,2014-04-03,433.21
459,2014-04-04,442.72
460,2014-04-05,451.66
461,2014-04-06,459.94
462,2014-04-07,455.07
463,2014-04-08,450.72
464,2014-04-09,450.03
465,2014-04-10,408.83
466,2014-04-11,403.75
467,2014-04-12,425.91
468,2014-04-13,416.28
469,2014-04-14,445.87
470,2014-04-15,487.35
471,2014-04-16,516.28
472,2014-04-17,505.38
473,2014-04-18,485.89
474,2014-04-19,491.3
475,2014-04-20,502.08
476,2014-04-21,500.48
477,2014-04-22,494.76
478,2014-04-23,490.11
479,2014-04-24,490.35
480,2014-04-25,463.39
481,2014-04-26,456.28
482,2014-04-27,452.04
483,2014-04-28,436.49
484,2014-04-29,444.28
485,2014-04-30,445.96
486,2014-05-01,454.31
487,2014-05-02,449.47
488,2014-05-03,441.03
489,2014-05-04,435.07
490,2014-05-05,433.22
491,2014-05-06,429.82
492,2014-05-07,436.61
493,2014-05-08,443.61
494,2014-05-09,447.18
495,2014-05-10,451.58
496,2014-05-11,444.94
497,2014-05-12,440.2
498,2014-05-13,440.04
499,2014-05-14,443.66
500,2014-05-15,447.45
501,2014-05-16,448.03
502,2014-05-17,449.29
503,2014-05-18,447.32
504,2014-05-19,445.95
505,2014-05-20,464.31
506,2014-05-21,491.32
507,2014-05-22,508.16
508,2014-05-23,528.29
509,2014-05-24,520.9
510,2014-05-25,559.2
511,2014-05-26,580.22
512,2014-05-27,573.97
513,2014-05-28,572.21
514,2014-05-29,566.65
515,2014-05-30,597.16
516,2014-05-31,616.81
517,2014-06-01,643.65
518,2014-06-02,635.36
519,2014-06-03,661.59
520,2014-06-04,641.84
521,2014-06-05,651.47
522,2014-06-06,656.65
523,2014-06-07,652.93
524,2014-06-08,656.19
525,2014-06-09,650.31
526,2014-06-10,653.45
527,2014-06-11,646.29
528,2014-06-12,625.34
529,2014-06-13,599.54
530,2014-06-14,580.01
531,2014-06-15,568.08
532,2014-06-16,597.64
533,2014-06-17,599.64
534,2014-06-18,610.22
535,2014-06-19,606.79
536,2014-06-20,593.77
537,2014-06-21,594.11
538,2014-06-22,601.94
539,2014-06-23,594.15
540,2014-06-24,592.06
541,2014-06-25,573.64
542,2014-06-26,585.36
543,2014-06-27,598.83
544,2014-06-28,599.83
545,2014-06-29,599.38
546,2014-06-30,621.19
547,2014-07-01,650.58
548,2014-07-02,646.95
549,2014-07-03,645.57
550,2014-07-04,638.74
551,2014-07-05,631.03
552,2014-07-06,634.17
553,2014-07-07,628.38
554,2014-07-08,624.31
555,2014-07-09,625.07
556,2014-07-10,619.14
557,2014-07-11,622.56
558,2014-07-12,630.52
559,2014-07-13,628.41
560,2014-07-14,622.4
561,2014-07-15,622.65
562,2014-07-16,618.65
563,2014-07-17,618.52
564,2014-07-18,623.34
565,2014-07-19,626.57
566,2014-07-20,625.2
567,2014-07-21,621.65
568,2014-07-22,622.37
569,2014-07-23,621.3
570,2014-07-24,610.52
571,2014-07-25,601.52
572,2014-07-26,596.84
573,2014-07-27,595.9
574,2014-07-28,584.93
575,2014-07-29,585.2
576,2014-07-30,579.23
577,2014-07-31,573.09
578,2014-08-01,592.07
579,2014-08-02,590.4
580,2014-08-03,585.31
581,2014-08-04,587.67
582,2014-08-05,586.78
583,2014-08-06,585.55
584,2014-08-07,586.01
585,2014-08-08,593.25
586,2014-08-09,589.2
587,2014-08-10,589.84
588,2014-08-11,585.97
589,2014-08-12,570.86
590,2014-08-13,553.8
591,2014-08-14,521.23
592,2014-08-15,506.48
593,2014-08-16,500.15
594,2014-08-17,503.26
595,2014-08-18,474.03
596,2014-08-19,471.92
597,2014-08-20,488.09
598,2014-08-21,519.55
599,2014-08-22,512.59
600,2014-08-23,503.95
601,2014-08-24,503.44
602,2014-08-25,503.49
603,2014-08-26,507.53
604,2014-08-27,514.7
605,2014-08-28,510.88
606,2014-08-29,507.96
607,2014-08-30,504.38
608,2014-08-31,489.75
609,2014-09-01,479.36
610,2014-09-02,478.01
611,2014-09-03,478.51
612,2014-09-04,484.32
613,2014-09-05,486.88
614,2014-09-06,484.92
615,2014-09-07,485.85
616,2014-09-08,475.35
617,2014-09-09,472.02
618,2014-09-10,481.11
619,2014-09-11,478.75
620,2014-09-12,476.24
621,2014-09-13,478.52
622,2014-09-14,478.01
623,2014-09-15,477.23
624,2014-09-16,471.56
625,2014-09-17,460.88
626,2014-09-18,440.97
627,2014-09-19,406.26
628,2014-09-20,410.69
629,2014-09-21,401.48
630,2014-09-22,402.54
631,2014-09-23,408.88
632,2014-09-24,426.93
633,2014-09-25,413.58
634,2014-09-26,406.41
635,2014-09-27,402.73
636,2014-09-28,392.29
637,2014-09-29,378.85
638,2014-09-30,381.08
639,2014-10-01,385.55
640,2014-10-02,380.45
641,2014-10-03,370.39
642,2014-10-04,347.85
643,2014-10-05,317.85
644,2014-10-06,325.42
645,2014-10-07,331.19
646,2014-10-08,338.96
647,2014-10-09,363.13
648,2014-10-10,363.19
649,2014-10-11,361.15
650,2014-10-12,363.76
651,2014-10-13,379.19
652,2014-10-14,402.04
653,2014-10-15,395.34
654,2014-10-16,388.03
655,2014-10-17,381.0
656,2014-10-18,386.69
657,2014-10-19,390.96
658,2014-10-20,384.3
659,2014-10-21,386.61
660,2014-10-22,385.39
661,2014-10-23,369.5
662,2014-10-24,358.76
663,2014-10-25,351.01
664,2014-10-26,352.56
665,2014-10-27,355.29
666,2014-10-28,357.15
667,2014-10-29,348.1
668,2014-10-30,339.5
669,2014-10-31,342.38
670,2014-11-01,330.68
671,2014-11-02,325.78
672,2014-11-03,329.39
673,2014-11-04,328.53
674,2014-11-05,338.12
675,2014-11-06,343.26
676,2014-11-07,345.94
677,2014-11-08,344.54
678,2014-11-09,351.33
679,2014-11-10,365.56
680,2014-11-11,367.84
681,2014-11-12,394.86
682,2014-11-13,431.16
683,2014-11-14,397.25
684,2014-11-15,387.3
685,2014-11-16,384.05
686,2014-11-17,396.79
687,2014-11-18,382.01
688,2014-11-19,380.05
689,2014-11-20,366.77
690,2014-11-21,352.39
691,2014-11-22,357.49
692,2014-11-23,359.64
693,2014-11-24,375.52
694,2014-11-25,383.65
695,2014-11-26,373.07
696,2014-11-27,372.72
697,2014-11-28,370.53
698,2014-11-29,379.08
699,2014-11-30,378.9
700,2014-12-01,381.05
701,2014-12-02,382.46
702,2014-12-03,380.02
703,2014-12-04,375.5
704,2014-12-05,374.1
705,2014-12-06,376.15
706,2014-12-07,377.47
707,2014-12-08,370.68
708,2014-12-09,354.25
709,2014-12-10,351.09
710,2014-12-11,352.9
711,2014-12-12,352.09
712,2014-12-13,349.52
713,2014-12-14,350.5
714,2014-12-15,349.38
715,2014-12-16,337.17
716,2014-12-17,324.08
717,2014-12-18,313.65
718,2014-12-19,313.97
719,2014-12-20,325.48
720,2014-12-21,325.46
721,2014-12-22,329.23
722,2014-12-23,334.51
723,2014-12-24,331.51
724,2014-12-25,321.91
725,2014-12-26,324.44
726,2014-12-27,321.26
727,2014-12-28,318.02
728,2014-12-29,317.39
729,2014-12-30,315.68
730,2014-12-31,315.19
731,2015-01-01,316.93
732,2015-01-02,316.03
733,2015-01-03,305.19
734,2015-01-04,275.31
735,2015-01-05,272.66
736,2015-01-06,277.86
737,2015-01-07,289.06
738,2015-01-08,289.84
739,2015-01-09,285.94
740,2015-01-10,281.27
741,2015-01-11,274.69
742,2015-01-12,270.42
743,2015-01-13,241.05
744,2015-01-14,199.02
745,2015-01-15,206.87
746,2015-01-16,212.21
747,2015-01-17,201.75
748,2015-01-18,206.68
749,2015-01-19,212.69
750,2015-01-20,211.91
751,2015-01-21,215.91
752,2015-01-22,232.3
753,2015-01-23,230.6
754,2015-01-24,238.2
755,2015-01-25,248.82
756,2015-01-26,281.16
757,2015-01-27,261.64
758,2015-01-28,253.42
759,2015-01-29,232.72
760,2015-01-30,232.88
761,2015-01-31,228.53
762,2015-02-01,219.14
763,2015-02-02,227.5
764,2015-02-03,237.42
765,2015-02-04,226.28
766,2015-02-05,223.5
767,2015-02-06,220.81
768,2015-02-07,226.79
769,2015-02-08,225.8
770,2015-02-09,221.7
771,2015-02-10,219.58
772,2015-02-11,222.17
773,2015-02-12,221.34
774,2015-02-13,232.28
775,2015-02-14,246.19
776,2015-02-15,250.17
777,2015-02-16,234.68
778,2015-02-17,239.27
779,2015-02-18,240.47
780,2015-02-19,238.86
781,2015-02-20,243.82
782,2015-02-21,245.61
783,2015-02-22,242.63
784,2015-02-23,237.17
785,2015-02-24,239.93
786,2015-02-25,239.26
787,2015-02-26,237.7
788,2015-02-27,250.58
789,2015-02-28,253.52
790,2015-03-01,252.87
791,2015-03-02,262.8
792,2015-03-03,275.84
793,2015-03-04,279.54
794,2015-03-05,271.61
795,2015-03-06,273.54
796,2015-03-07,274.22
797,2015-03-08,276.03
798,2015-03-09,282.42
799,2015-03-10,294.11
800,2015-03-11,294.08
801,2015-03-12,295.47
802,2015-03-13,291.69
803,2015-03-14,284.15
804,2015-03-15,285.16
805,2015-03-16,291.9
806,2015-03-17,290.69
807,2015-03-18,275.09
808,2015-03-19,258.12
809,2015-03-20,262.61
810,2015-03-21,261.22
811,2015-03-22,263.2
812,2015-03-23,268.48
813,2015-03-24,257.33
814,2015-03-25,245.78
815,2015-03-26,250.04
816,2015-03-27,248.78
817,2015-03-28,252.66
818,2015-03-29,246.4
819,2015-03-30,246.04
820,2015-03-31,246.73
821,2015-04-01,244.94
822,2015-04-02,249.47
823,2015-04-03,254.7
824,2015-04-04,254.68
825,2015-04-05,257.05
826,2015-04-06,258.61
827,2015-04-07,255.52
828,2015-04-08,250.49
829,2015-04-09,244.86
830,2015-04-10,239.07
831,2015-04-11,237.11
832,2015-04-12,237.75
833,2015-04-13,233.81
834,2015-04-14,221.73
835,2015-04-15,222.56
836,2015-04-16,228.45
837,2015-04-17,225.69
838,2015-04-18,224.25
839,2015-04-19,225.53
840,2015-04-20,225.13
841,2015-04-21,227.8
842,2015-04-22,236.45
843,2015-04-23,236.36
844,2015-04-24,233.4
845,2015-04-25,230.39
846,2015-04-26,220.06
847,2015-04-27,222.15
848,2015-04-28,227.39
849,2015-04-29,227.3
850,2015-04-30,232.83
851,2015-05-01,236.33
852,2015-05-02,236.22
853,2015-05-03,240.85
854,2015-05-04,241.04
855,2015-05-05,237.02
856,2015-05-06,236.09
857,2015-05-07,233.14
858,2015-05-08,240.89
859,2015-05-09,243.58
860,2015-05-10,242.6
861,2015-05-11,242.49
862,2015-05-12,243.21
863,2015-05-13,243.55
864,2015-05-14,243.75
865,2015-05-15,238.82
866,2015-05-16,239.12
867,2015-05-17,238.75
868,2015-05-18,237.24
869,2015-05-19,234.32
870,2015-05-20,234.9
871,2015-05-21,236.41
872,2015-05-22,238.04
873,2015-05-23,240.65
874,2015-05-24,240.88
875,2015-05-25,239.51
876,2015-05-26,238.12
877,2015-05-27,239.03
878,2015-05-28,238.61
879,2015-05-29,238.35
880,2015-05-30,235.75
881,2015-05-31,233.76
882,2015-06-01,228.08
883,2015-06-02,225.61
884,2015-06-03,227.59
885,2015-06-04,226.9
886,2015-06-05,226.14
887,2015-06-06,226.96
888,2015-06-07,226.17
889,2015-06-08,227.17
890,2015-06-09,231.13
891,2015-06-10,231.78
892,2015-06-11,231.56
893,2015-06-12,232.2
894,2015-06-13,232.22
895,2015-06-14,234.76
896,2015-06-15,236.47
897,2015-06-16,242.65
898,2015-06-17,251.68
899,2015-06-18,249.62
900,2015-06-19,249.28
901,2015-06-20,244.54
902,2015-06-21,246.1
903,2015-06-22,246.9
904,2015-06-23,247.05
905,2015-06-24,245.2
906,2015-06-25,244.36
907,2015-06-26,244.53
908,2015-06-27,248.04
909,2015-06-28,250.51
910,2015-06-29,254.25
911,2015-06-30,263.29
912,2015-07-01,260.75
913,2015-07-02,258.75
914,2015-07-03,257.02
915,2015-07-04,259.27
916,2015-07-05,264.7
917,2015-07-06,272.44
918,2015-07-07,269.16
919,2015-07-08,270.09
920,2015-07-09,271.21
921,2015-07-10,281.69
922,2015-07-11,292.13
923,2015-07-12,305.0
924,2015-07-13,294.45
925,2015-07-14,291.83
926,2015-07-15,291.85
927,2015-07-16,283.33
928,2015-07-17,278.23
929,2015-07-18,278.17
930,2015-07-19,275.84
931,2015-07-20,277.78
932,2015-07-21,280.32
933,2015-07-22,277.7
934,2015-07-23,278.73
935,2015-07-24,282.91
936,2015-07-25,289.3
937,2015-07-26,291.46
938,2015-07-27,291.95
939,2015-07-28,295.65
940,2015-07-29,292.61
941,2015-07-30,289.7
942,2015-07-31,286.98
943,2015-08-01,283.29
944,2015-08-02,281.86
945,2015-08-03,284.13
946,2015-08-04,285.44
947,2015-08-05,285.07
948,2015-08-06,282.03
949,2015-08-07,280.86
950,2015-08-08,276.18
951,2015-08-09,264.37
952,2015-08-10,266.12
953,2015-08-11,267.42
954,2015-08-12,269.62
955,2015-08-13,266.61
956,2015-08-14,266.22
957,2015-08-15,267.45
958,2015-08-16,260.78
959,2015-08-17,259.28
960,2015-08-18,256.94
961,2015-08-19,234.34
962,2015-08-20,233.26
963,2015-08-21,235.52
964,2015-08-22,231.89
965,2015-08-23,230.52
966,2015-08-24,222.4
967,2015-08-25,214.71
968,2015-08-26,225.97
969,2015-08-27,227.09
970,2015-08-28,228.33
971,2015-08-29,231.91
972,2015-08-30,230.35
973,2015-08-31,229.97
974,2015-09-01,230.43
975,2015-09-02,228.99
976,2015-09-03,230.77
977,2015-09-04,231.38
978,2015-09-05,233.56
979,2015-09-06,240.44
980,2015-09-07,241.37
981,2015-09-08,244.13
982,2015-09-09,242.79
983,2015-09-10,240.5
984,2015-09-11,241.92
985,2015-09-12,240.93
986,2015-09-13,234.8
987,2015-09-14,230.4
988,2015-09-15,232.22
989,2015-09-16,230.86
990,2015-09-17,233.35
991,2015-09-18,234.74
992,2015-09-19,233.86
993,2015-09-20,233.12
994,2015-09-21,229.44
995,2015-09-22,230.51
996,2015-09-23,232.27
997,2015-09-24,233.98
998,2015-09-25,236.68
999,2015-09-26,236.3
1000,2015-09-27,235.25
1001,2015-09-28,238.43
1002,2015-09-29,239.83
1003,2015-09-30,238.73
1004,2015-10-01,238.88
1005,2015-10-02,239.34
1006,2015-10-03,240.15
1007,2015-10-04,241.04
1008,2015-10-05,240.38
1009,2015-10-06,245.11
1010,2015-10-07,246.92
1011,2015-10-08,245.93
1012,2015-10-09,246.12
1013,2015-10-10,246.96
1014,2015-10-11,248.91
1015,2015-10-12,248.47
1016,2015-10-13,249.32
1017,2015-10-14,253.51
1018,2015-10-15,256.21
1019,2015-10-16,261.38
1020,2015-10-17,270.02
1021,2015-10-18,267.92
1022,2015-10-19,264.92
1023,2015-10-20,269.08
1024,2015-10-21,269.8
1025,2015-10-22,273.23
1026,2015-10-23,277.64
1027,2015-10-24,281.72
1028,2015-10-25,290.17
1029,2015-10-26,285.39
1030,2015-10-27,293.4
1031,2015-10-28,301.68
1032,2015-10-29,310.62
1033,2015-10-30,325.42
1034,2015-10-31,323.74
1035,2015-11-01,318.74
1036,2015-11-02,336.06
1037,2015-11-03,382.99
1038,2015-11-04,447.05
1039,2015-11-05,400.66
1040,2015-11-06,372.65
1041,2015-11-07,384.5
1042,2015-11-08,383.67
1043,2015-11-09,376.16
1044,2015-11-10,366.71
1045,2015-11-11,316.65
1046,2015-11-12,328.21
1047,2015-11-13,334.54
1048,2015-11-14,334.98
1049,2015-11-15,329.09
1050,2015-11-16,322.52
1051,2015-11-17,335.43
1052,2015-11-18,335.34
1053,2015-11-19,332.58
1054,2015-11-20,320.96
1055,2015-11-21,326.23
1056,2015-11-22,325.78
1057,2015-11-23,324.43
1058,2015-11-24,323.65
1059,2015-11-25,324.54
1060,2015-11-26,343.4
1061,2015-11-27,355.99
1062,2015-11-28,356.51
1063,2015-11-29,362.35
1064,2015-11-30,376.91
1065,2015-12-01,368.63
1066,2015-12-02,357.02
1067,2015-12-03,364.62
1068,2015-12-04,362.0
1069,2015-12-05,376.06
1070,2015-12-06,394.53
1071,2015-12-07,394.41
1072,2015-12-08,397.32
1073,2015-12-09,418.59
1074,2015-12-10,416.7
1075,2015-12-11,433.37
1076,2015-12-12,432.72
1077,2015-12-13,436.76
1078,2015-12-14,441.91
1079,2015-12-15,457.22
1080,2015-12-16,457.34
1081,2015-12-17,456.03
1082,2015-12-18,461.29
1083,2015-12-19,464.03
1084,2015-12-20,454.71
1085,2015-12-21,438.24
1086,2015-12-22,440.49
1087,2015-12-23,442.08
1088,2015-12-24,455.24
1089,2015-12-25,455.98
1090,2015-12-26,430.63
1091,2015-12-27,419.61
1092,2015-12-28,425.84
1093,2015-12-29,426.94
1094,2015-12-30,430.72
1095,2015-12-31,427.23
1096,2016-01-01,433.86
1097,2016-01-02,434.7
1098,2016-01-03,431.25
1099,2016-01-04,432.09
1100,2016-01-05,433.34
1101,2016-01-06,432.23
1102,2016-01-07,449.62
1103,2016-01-08,456.0
1104,2016-01-09,451.75
1105,2016-01-10,446.7
1106,2016-01-11,448.74
1107,2016-01-12,448.6
1108,2016-01-13,431.18
1109,2016-01-14,432.41
1110,2016-01-15,403.18
1111,2016-01-16,372.47
1112,2016-01-17,385.85
1113,2016-01-18,384.91
1114,2016-01-19,385.61
1115,2016-01-20,394.3
1116,2016-01-21,415.17
1117,2016-01-22,395.35
1118,2016-01-23,390.34
1119,2016-01-24,398.22
1120,2016-01-25,397.98
1121,2016-01-26,396.03
1122,2016-01-27,397.4
1123,2016-01-28,386.56
1124,2016-01-29,377.41
1125,2016-01-30,380.7
1126,2016-01-31,380.6
1127,2016-02-01,375.03
1128,2016-02-02,376.92
1129,2016-02-03,375.56
1130,2016-02-04,380.51
1131,2016-02-05,389.02
1132,2016-02-06,378.42
1133,2016-02-07,378.74
1134,2016-02-08,378.33
1135,2016-02-09,374.85
1136,2016-02-10,381.09
1137,2016-02-11,379.78
1138,2016-02-12,383.12
1139,2016-02-13,390.52
1140,2016-02-14,400.51
1141,2016-02-15,404.46
1142,2016-02-16,404.68
1143,2016-02-17,415.28
1144,2016-02-18,420.8
1145,2016-02-19,420.92
1146,2016-02-20,431.25
1147,2016-02-21,439.32
1148,2016-02-22,437.45
1149,2016-02-23,429.85
1150,2016-02-24,423.54
1151,2016-02-25,424.66
1152,2016-02-26,425.47
1153,2016-02-27,434.18
1154,2016-02-28,431.3
1155,2016-02-29,437.64
1156,2016-03-01,436.43
1157,2016-03-02,434.22
1158,2016-03-03,423.56
1159,2016-03-04,422.41
1160,2016-03-05,405.29
1161,2016-03-06,405.38
1162,2016-03-07,411.5
1163,2016-03-08,415.33
1164,2016-03-09,415.38
1165,2016-03-10,417.85
1166,2016-03-11,422.33
1167,2016-03-12,416.76
1168,2016-03-13,415.67
1169,2016-03-14,416.43
1170,2016-03-15,419.1
1171,2016-03-16,419.08
1172,2016-03-17,422.92
1173,2016-03-18,417.12
1174,2016-03-19,411.56
1175,2016-03-20,414.24
1176,2016-03-21,412.88
1177,2016-03-22,419.45
1178,2016-03-23,420.58
1179,2016-03-24,420.29
1180,2016-03-25,420.57
1181,2016-03-26,420.76
1182,2016-03-27,422.77
1183,2016-03-28,425.56
1184,2016-03-29,421.94
1185,2016-03-30,416.7
1186,2016-03-31,419.06
1187,2016-04-01,418.92
1188,2016-04-02,422.39
1189,2016-04-03,422.49
1190,2016-04-04,421.99
1191,2016-04-05,424.42
1192,2016-04-06,425.25
1193,2016-04-07,423.69
1194,2016-04-08,424.49
1195,2016-04-09,419.64
1196,2016-04-10,422.28
1197,2016-04-11,423.79
1198,2016-04-12,426.37
1199,2016-04-13,425.22
1200,2016-04-14,425.84
1201,2016-04-15,429.19
1202,2016-04-16,432.87
1203,2016-04-17,431.66
1204,2016-04-18,430.12
1205,2016-04-19,432.57
1206,2016-04-20,438.88
1207,2016-04-21,445.08
1208,2016-04-22,446.96
1209,2016-04-23,448.89
1210,2016-04-24,455.35
1211,2016-04-25,460.59
1212,2016-04-26,466.38
1213,2016-04-27,461.41
1214,2016-04-28,446.85
1215,2016-04-29,452.92
1216,2016-04-30,454.91
1217,2016-05-01,453.59
1218,2016-05-02,448.63
1219,2016-05-03,448.5
1220,2016-05-04,449.2
1221,2016-05-05,449.25
1222,2016-05-06,453.8
1223,2016-05-07,460.07
1224,2016-05-08,460.73
1225,2016-05-09,461.89
1226,2016-05-10,458.41
1227,2016-05-11,455.93
1228,2016-05-12,454.42
1229,2016-05-13,457.41
1230,2016-05-14,459.1
1231,2016-05-15,461.01
1232,2016-05-16,459.7
1233,2016-05-17,457.91
1234,2016-05-18,457.95
1235,2016-05-19,453.52
1236,2016-05-20,444.64
1237,2016-05-21,446.57
1238,2016-05-22,445.31
1239,2016-05-23,444.65
1240,2016-05-24,449.43
1241,2016-05-25,452.31
1242,2016-05-26,454.52
1243,2016-05-27,472.88
1244,2016-05-28,498.4
1245,2016-05-29,525.11
1246,2016-05-30,534.73
1247,2016-05-31,536.74
1248,2016-06-01,535.17
1249,2016-06-02,538.65
1250,2016-06-03,559.84
1251,2016-06-04,574.97
1252,2016-06-05,577.28
1253,2016-06-06,583.97
1254,2016-06-07,584.69
1255,2016-06-08,580.92
1256,2016-06-09,580.7
1257,2016-06-10,579.65
1258,2016-06-11,586.87
1259,2016-06-12,640.61
1260,2016-06-13,689.14
1261,2016-06-14,688.37
1262,2016-06-15,686.89
1263,2016-06-16,740.71
1264,2016-06-17,750.61
1265,2016-06-18,753.29
1266,2016-06-19,758.31
1267,2016-06-20,752.92
1268,2016-06-21,684.91
1269,2016-06-22,654.12
1270,2016-06-23,594.64
1271,2016-06-24,657.79
1272,2016-06-25,674.72
1273,2016-06-26,644.29
1274,2016-06-27,641.67
1275,2016-06-28,648.54
1276,2016-06-29,638.03
1277,2016-06-30,656.19
1278,2016-07-01,679.3
1279,2016-07-02,690.88
1280,2016-07-03,678.42
1281,2016-07-04,673.78
1282,2016-07-05,675.33
1283,2016-07-06,676.19
1284,2016-07-07,645.3
1285,2016-07-08,648.81
1286,2016-07-09,653.28
1287,2016-07-10,647.76
1288,2016-07-11,650.87
1289,2016-07-12,658.27
1290,2016-07-13,664.31
1291,2016-07-14,658.93
1292,2016-07-15,664.47
1293,2016-07-16,665.45
1294,2016-07-17,671.99
1295,2016-07-18,679.2
1296,2016-07-19,672.64
1297,2016-07-20,670.32
1298,2016-07-21,664.84
1299,2016-07-22,660.86
1300,2016-07-23,654.21
1301,2016-07-24,657.79
1302,2016-07-25,657.32
1303,2016-07-26,653.05
1304,2016-07-27,653.62
1305,2016-07-28,656.24
1306,2016-07-29,658.0
1307,2016-07-30,657.89
1308,2016-07-31,637.11
1309,2016-08-01,621.89
1310,2016-08-02,593.7
1311,2016-08-03,552.13
1312,2016-08-04,576.47
1313,2016-08-05,576.39
1314,2016-08-06,578.53
1315,2016-08-07,594.25
1316,2016-08-08,595.05
1317,2016-08-09,593.12
1318,2016-08-10,596.37
1319,2016-08-11,595.39
1320,2016-08-12,591.38
1321,2016-08-13,591.34
1322,2016-08-14,581.71
1323,2016-08-15,573.51
1324,2016-08-16,574.89
1325,2016-08-17,578.01
1326,2016-08-18,577.54
1327,2016-08-19,578.1
1328,2016-08-20,580.43
1329,2016-08-21,583.19
1330,2016-08-22,585.43
1331,2016-08-23,586.79
1332,2016-08-24,582.34
1333,2016-08-25,577.03
1334,2016-08-26,579.11
1335,2016-08-27,574.66
1336,2016-08-28,572.52
1337,2016-08-29,574.32
1338,2016-08-30,576.9
1339,2016-08-31,575.59
1340,2016-09-01,574.01
1341,2016-09-02,573.74
1342,2016-09-03,579.59
1343,2016-09-04,603.1
1344,2016-09-05,606.24
1345,2016-09-06,609.13
1346,2016-09-07,613.11
1347,2016-09-08,623.17
1348,2016-09-09,624.54
1349,2016-09-10,625.21
1350,2016-09-11,622.25
1351,2016-09-12,608.49
1352,2016-09-13,610.01
1353,2016-09-14,611.66
1354,2016-09-15,611.2
1355,2016-09-16,609.89
1356,2016-09-17,609.32
1357,2016-09-18,610.13
1358,2016-09-19,611.18
1359,2016-09-20,610.18
1360,2016-09-21,598.94
1361,2016-09-22,598.7
1362,2016-09-23,601.05
1363,2016-09-24,605.22
1364,2016-09-25,603.65
1365,2016-09-26,606.08
1366,2016-09-27,608.2
1367,2016-09-28,607.34
1368,2016-09-29,607.18
1369,2016-09-30,607.31
1370,2016-10-01,614.38
1371,2016-10-02,613.23
1372,2016-10-03,613.08
1373,2016-10-04,611.57
1374,2016-10-05,612.99
1375,2016-10-06,614.17
1376,2016-10-07,616.81
1377,2016-10-08,620.41
1378,2016-10-09,619.36
1379,2016-10-10,618.93
1380,2016-10-11,632.94
1381,2016-10-12,639.38
1382,2016-10-13,638.06
1383,2016-10-14,639.67
1384,2016-10-15,642.28
1385,2016-10-16,642.43
1386,2016-10-17,641.24
1387,2016-10-18,640.05
1388,2016-10-19,635.87
1389,2016-10-20,632.49
1390,2016-10-21,634.51
1391,2016-10-22,644.0
1392,2016-10-23,655.68
1393,2016-10-24,654.83
1394,2016-10-25,657.9
1395,2016-10-26,666.84
1396,2016-10-27,684.43
1397,2016-10-28,689.29
1398,2016-10-29,709.14
1399,2016-10-30,707.89
1400,2016-10-31,703.38
1401,2016-11-01,724.22
1402,2016-11-02,729.38
1403,2016-11-03,728.18
1404,2016-11-04,702.96
1405,2016-11-05,706.37
1406,2016-11-06,712.1
1407,2016-11-07,708.85
1408,2016-11-08,711.08
1409,2016-11-09,728.6
1410,2016-11-10,719.8
1411,2016-11-11,719.65
1412,2016-11-12,714.22
1413,2016-11-13,700.44
1414,2016-11-14,706.1
1415,2016-11-15,714.84
1416,2016-11-16,729.05
1417,2016-11-17,748.27
1418,2016-11-18,748.06
1419,2016-11-19,753.56
1420,2016-11-20,747.22
1421,2016-11-21,741.02
1422,2016-11-22,749.46
1423,2016-11-23,750.25
1424,2016-11-24,749.2
1425,2016-11-25,747.81
1426,2016-11-26,745.45
1427,2016-11-27,737.34
1428,2016-11-28,737.76
1429,2016-11-29,737.71
1430,2016-11-30,743.19
1431,2016-12-01,752.53
1432,2016-12-02,772.0
1433,2016-12-03,769.43
1434,2016-12-04,769.76
1435,2016-12-05,761.29
1436,2016-12-06,762.91
1437,2016-12-07,767.68
1438,2016-12-08,773.28
1439,2016-12-09,775.8
1440,2016-12-10,778.79
1441,2016-12-11,772.62
1442,2016-12-12,780.45
1443,2016-12-13,784.3
1444,2016-12-14,784.81
1445,2016-12-15,782.16
1446,2016-12-16,784.18
1447,2016-12-17,791.37
1448,2016-12-18,791.97
1449,2016-12-19,795.11
1450,2016-12-20,796.26
1451,2016-12-21,819.6
1452,2016-12-22,858.35
1453,2016-12-23,902.66
1454,2016-12-24,905.79
1455,2016-12-25,880.14
1456,2016-12-26,904.39
1457,2016-12-27,920.82
1458,2016-12-28,958.82
1459,2016-12-29,973.35
1460,2016-12-30,958.53
1461,2016-12-31,960.06
1462,2017-01-01,979.53
1463,2017-01-02,1018.17
1464,2017-01-03,1031.18
1465,2017-01-04,1087.68
1466,2017-01-05,1060.08
1467,2017-01-06,942.65
1468,2017-01-07,876.54
1469,2017-01-08,920.99
1470,2017-01-09,900.04
1471,2017-01-10,910.02
1472,2017-01-11,852.88
1473,2017-01-12,789.67
1474,2017-01-13,812.0
1475,2017-01-14,830.89
1476,2017-01-15,821.4
1477,2017-01-16,832.6
1478,2017-01-17,881.76
1479,2017-01-18,890.0
1480,2017-01-19,897.04
1481,2017-01-20,899.16
1482,2017-01-21,920.53
1483,2017-01-22,926.27
1484,2017-01-23,924.25
1485,2017-01-24,911.75
1486,2017-01-25,900.08
1487,2017-01-26,910.41
1488,2017-01-27,919.69
1489,2017-01-28,922.01
1490,2017-01-29,921.44
1491,2017-01-30,922.51
1492,2017-01-31,944.21
1493,2017-02-01,976.67
1494,2017-02-02,996.83
1495,2017-02-03,1023.48
1496,2017-02-04,1029.12
1497,2017-02-05,1033.79
1498,2017-02-06,1036.89
1499,2017-02-07,1053.92
1500,2017-02-08,1063.32
1501,2017-02-09,1032.72
1502,2017-02-10,974.42
1503,2017-02-11,1001.7
1504,2017-02-12,999.57
1505,2017-02-13,993.83
1506,2017-02-14,1001.26
1507,2017-02-15,1005.31
1508,2017-02-16,1021.04
1509,2017-02-17,1040.05
1510,2017-02-18,1056.5
1511,2017-02-19,1051.2
1512,2017-02-20,1054.29
1513,2017-02-21,1093.67
1514,2017-02-22,1112.44
1515,2017-02-23,1139.22
1516,2017-02-24,1175.0
1517,2017-02-25,1159.54
1518,2017-02-26,1154.02
1519,2017-02-27,1172.75
1520,2017-02-28,1179.77
1521,2017-03-01,1194.63
1522,2017-03-02,1225.2
1523,2017-03-03,1259.04
1524,2017-03-04,1259.53
1525,2017-03-05,1246.75
1526,2017-03-06,1263.66
1527,2017-03-07,1239.13
1528,2017-03-08,1186.06
1529,2017-03-09,1167.29
1530,2017-03-10,1194.36
1531,2017-03-11,1164.97
1532,2017-03-12,1190.64
1533,2017-03-13,1220.0
1534,2017-03-14,1233.66
1535,2017-03-15,1253.82
1536,2017-03-16,1226.93
1537,2017-03-17,1141.7
1538,2017-03-18,1047.0
1539,2017-03-19,1018.27
1540,2017-03-20,1044.95
1541,2017-03-21,1089.49
1542,2017-03-22,1063.72
1543,2017-03-23,1043.82
1544,2017-03-24,998.22
1545,2017-03-25,935.5
1546,2017-03-26,974.76
1547,2017-03-27,1001.95
1548,2017-03-28,1041.72
1549,2017-03-29,1034.18
1550,2017-03-30,1028.34
1551,2017-03-31,1045.03
1552,2017-04-01,1069.78
1553,2017-04-02,1076.59
1554,2017-04-03,1130.52
1555,2017-04-04,1146.4
1556,2017-04-05,1133.15
1557,2017-04-06,1167.17
1558,2017-04-07,1191.67
1559,2017-04-08,1188.67
1560,2017-04-09,1192.76
1561,2017-04-10,1208.9
1562,2017-04-11,1215.33
1563,2017-04-12,1221.39
1564,2017-04-13,1194.05
1565,2017-04-14,1188.18
1566,2017-04-15,1190.41
1567,2017-04-16,1188.92
1568,2017-04-17,1195.0
1569,2017-04-18,1220.64
1570,2017-04-19,1212.68
1571,2017-04-20,1226.44
1572,2017-04-21,1245.06
1573,2017-04-22,1241.08
1574,2017-04-23,1242.72
1575,2017-04-24,1249.7
1576,2017-04-25,1268.58
1577,2017-04-26,1288.21
1578,2017-04-27,1308.13
1579,2017-04-28,1312.56
1580,2017-04-29,1332.61
1581,2017-04-30,1331.06
1582,2017-05-01,1378.37
1583,2017-05-02,1440.51
1584,2017-05-03,1469.56
1585,2017-05-04,1542.51
1586,2017-05-05,1565.87
1587,2017-05-06,1548.91
1588,2017-05-07,1553.87
1589,2017-05-08,1611.02
1590,2017-05-09,1710.42
1591,2017-05-10,1744.77
1592,2017-05-11,1825.79
1593,2017-05-12,1778.48
1594,2017-05-13,1721.29
1595,2017-05-14,1791.43
1596,2017-05-15,1751.56
1597,2017-05-16,1738.15
1598,2017-05-17,1813.69
1599,2017-05-18,1843.65
1600,2017-05-19,1926.11
1601,2017-05-20,1984.76
1602,2017-05-21,2033.16
1603,2017-05-22,2126.81
1604,2017-05-23,2198.89
1605,2017-05-24,2369.29
1606,2017-05-25,2558.1
1607,2017-05-26,2395.74
1608,2017-05-27,2091.53
1609,2017-05-28,2177.24
1610,2017-05-29,2234.21
1611,2017-05-30,2281.26
1612,2017-05-31,2253.65
1613,2017-06-01,2389.02
1614,2017-06-02,2427.38
1615,2017-06-03,2519.8
1616,2017-06-04,2527.4
1617,2017-06-05,2594.48
1618,2017-06-06,2828.04
1619,2017-06-07,2817.71
1620,2017-06-08,2758.31
1621,2017-06-09,2821.85
1622,2017-06-10,2852.1
1623,2017-06-11,2895.02
1624,2017-06-12,2799.56
1625,2017-06-13,2717.01
1626,2017-06-14,2669.21
1627,2017-06-15,2378.29
1628,2017-06-16,2462.76
1629,2017-06-17,2559.7
1630,2017-06-18,2568.07
1631,2017-06-19,2551.47
1632,2017-06-20,2648.65
1633,2017-06-21,2700.63
1634,2017-06-22,2674.57
1635,2017-06-23,2706.82
1636,2017-06-24,2659.43
1637,2017-06-25,2565.19
1638,2017-06-26,2453.69
1639,2017-06-27,2396.78
1640,2017-06-28,2529.75
1641,2017-06-29,2556.11
1642,2017-06-30,2519.27
1643,2017-07-01,2458.14
1644,2017-07-02,2444.33
1645,2017-07-03,2521.76
1646,2017-07-04,2596.4
1647,2017-07-05,2575.83
1648,2017-07-06,2598.4
1649,2017-07-07,2548.48
1650,2017-07-08,2517.65
1651,2017-07-09,2543.8
1652,2017-07-10,2456.05
1653,2017-07-11,2343.23
1654,2017-07-12,2344.9
1655,2017-07-13,2369.26
1656,2017-07-14,2279.88
1657,2017-07-15,2077.38
1658,2017-07-16,1934.91
1659,2017-07-17,2054.81
1660,2017-07-18,2276.72
1661,2017-07-19,2314.74
1662,2017-07-20,2485.34
1663,2017-07-21,2715.12
1664,2017-07-22,2773.57
1665,2017-07-23,2770.23
1666,2017-07-24,2755.36
1667,2017-07-25,2627.01
1668,2017-07-26,2507.58
1669,2017-07-27,2576.24
1670,2017-07-28,2745.22
1671,2017-07-29,2729.99
1672,2017-07-30,2705.64
1673,2017-07-31,2787.33
1674,2017-08-01,2796.22
1675,2017-08-02,2723.7
1676,2017-08-03,2759.01
1677,2017-08-04,2832.82
1678,2017-08-05,3140.74
1679,2017-08-06,3224.24
1680,2017-08-07,3303.19
1681,2017-08-08,3423.79
1682,2017-08-09,3357.67
1683,2017-08-10,3405.78
1684,2017-08-11,3524.95
1685,2017-08-12,3786.2
1686,2017-08-13,4038.15
1687,2017-08-14,4186.11
1688,2017-08-15,4186.16
1689,2017-08-16,4181.12
1690,2017-08-17,4357.95
1691,2017-08-18,4236.73
1692,2017-08-19,4092.36
1693,2017-08-20,4106.8
1694,2017-08-21,4037.95
1695,2017-08-22,3937.33
1696,2017-08-23,4159.3
1697,2017-08-24,4205.17
1698,2017-08-25,4371.44
1699,2017-08-26,4327.32
1700,2017-08-27,4350.76
1701,2017-08-28,4318.87
1702,2017-08-29,4472.1
1703,2017-08-30,4586.83
1704,2017-08-31,4689.86
1705,2017-09-01,4830.77
1706,2017-09-02,4691.61
1707,2017-09-03,4606.56
1708,2017-09-04,4406.53
1709,2017-09-05,4317.53
1710,2017-09-06,4571.43
1711,2017-09-07,4608.27
1712,2017-09-08,4506.35
1713,2017-09-09,4328.8
1714,2017-09-10,4225.39
1715,2017-09-11,4240.87
1716,2017-09-12,4282.63
1717,2017-09-13,3944.73
1718,2017-09-14,3640.75
1719,2017-09-15,3433.1
1720,2017-09-16,3745.81
1721,2017-09-17,3669.81
1722,2017-09-18,3963.83
1723,2017-09-19,3978.22
1724,2017-09-20,3949.0
1725,2017-09-21,3795.01
1726,2017-09-22,3629.04
1727,2017-09-23,3726.96
1728,2017-09-24,3703.95
1729,2017-09-25,3827.74
1730,2017-09-26,3922.64
1731,2017-09-27,4039.1
1732,2017-09-28,4191.24
1733,2017-09-29,4157.21
1734,2017-09-30,4286.64
1735,2017-10-01,4317.24
1736,2017-10-02,4413.27
1737,2017-10-03,4319.0
1738,2017-10-04,4259.28
1739,2017-10-05,4262.02
1740,2017-10-06,4362.09
1741,2017-10-07,4356.96
1742,2017-10-08,4498.82
1743,2017-10-09,4648.56
1744,2017-10-10,4822.05
1745,2017-10-11,4798.24
1746,2017-10-12,5117.94
1747,2017-10-13,5626.02
1748,2017-10-14,5673.4
1749,2017-10-15,5625.45
1750,2017-10-16,5674.31
1751,2017-10-17,5625.56
1752,2017-10-18,5408.94
1753,2017-10-19,5652.65
1754,2017-10-20,5785.85
1755,2017-10-21,6073.99
1756,2017-10-22,5917.64
1757,2017-10-23,5882.49
1758,2017-10-24,5666.83
1759,2017-10-25,5556.99
1760,2017-10-26,5829.88
1761,2017-10-27,5829.28
1762,2017-10-28,5758.09
1763,2017-10-29,5880.02
1764,2017-10-30,6124.97
1765,2017-10-31,6248.49
1766,2017-11-01,6528.32
1767,2017-11-02,6975.44
1768,2017-11-03,7249.21
1769,2017-11-04,7271.87
1770,2017-11-05,7474.32
1771,2017-11-06,7264.25
1772,2017-11-07,7138.71
1773,2017-11-08,7388.72
1774,2017-11-09,7256.26
1775,2017-11-10,6956.77
1776,2017-11-11,6541.41
1777,2017-11-12,6090.59
1778,2017-11-13,6336.16
1779,2017-11-14,6588.02
1780,2017-11-15,7045.16
1781,2017-11-16,7469.1
1782,2017-11-17,7839.48
1783,2017-11-18,7705.6
1784,2017-11-19,7835.28
1785,2017-11-20,8116.26
1786,2017-11-21,8189.3
1787,2017-11-22,8220.56
1788,2017-11-23,8198.93
1789,2017-11-24,8191.12
1790,2017-11-25,8484.86
1791,2017-11-26,9068.15
1792,2017-11-27,9618.6
1793,2017-11-28,9872.58
1794,2017-11-29,10456.81
1795,2017-11-30,9947.53
1796,2017-12-01,10234.58
1797,2017-12-02,10977.6
1798,2017-12-03,11309.87
1799,2017-12-04,11387.27
1800,2017-12-05,11718.61
1801,2017-12-06,12693.14
1802,2017-12-07,15027.25
1803,2017-12-08,15706.98
1804,2017-12-09,15088.79
1805,2017-12-10,14404.75
1806,2017-12-11,16465.9
1807,2017-12-12,16910.18
1808,2017-12-13,16750.04
1809,2017-12-14,16477.83
1810,2017-12-15,17489.61
1811,2017-12-16,18287.45
1812,2017-12-17,19325.94
1813,2017-12-18,18726.15
1814,2017-12-19,18273.21
1815,2017-12-20,16811.29
1816,2017-12-21,16247.05
1817,2017-12-22,13710.74
1818,2017-12-23,14815.85
1819,2017-12-24,13684.75
1820,2017-12-25,13984.78
1821,2017-12-26,15246.7
1822,2017-12-27,15696.39
1823,2017-12-28,14362.3
1824,2017-12-29,14633.07
1825,2017-12-30,13376.91
1826,2017-12-31,13413.33
1827,2018-01-01,13545.61
1828,2018-01-02,13957.15
1829,2018-01-03,15058.54
1830,2018-01-04,14909.96
1831,2018-01-05,15877.96
1832,2018-01-06,16711.77
1833,2018-01-07,16525.11
1834,2018-01-08,15324.56
1835,2018-01-09,14909.24
1836,2018-01-10,14223.56
1837,2018-01-11,13740.14
1838,2018-01-12,13703.72
1839,2018-01-13,14266.24
1840,2018-01-14,13732.3
1841,2018-01-15,13854.32
1842,2018-01-16,12134.31
1843,2018-01-17,10624.43
1844,2018-01-18,11486.22
1845,2018-01-19,11502.42
1846,2018-01-20,12464.23
1847,2018-01-21,11924.43
1848,2018-01-22,11150.57
1849,2018-01-23,10731.93
1850,2018-01-24,11013.89
1851,2018-01-25,11308.23
1852,2018-01-26,11020.89
1853,2018-01-27,11239.26
1854,2018-01-28,11674.98
1855,2018-01-29,11312.76
1856,2018-01-30,10678.52
1857,2018-01-31,10035.43
1858,2018-02-01,9559.06
1859,2018-02-02,8612.59
1860,2018-02-03,8933.79
1861,2018-02-04,8747.4
1862,2018-02-05,7630.57
1863,2018-02-06,6817.97
1864,2018-02-07,7901.75
1865,2018-02-08,8226.52
1866,2018-02-09,8271.16
1867,2018-02-10,8650.82
1868,2018-02-11,8200.05
1869,2018-02-12,8630.1
1870,2018-02-13,8621.54
1871,2018-02-14,9024.1
1872,2018-02-15,9805.86
1873,2018-02-16,10028.35
1874,2018-02-17,10684.1
1875,2018-02-18,10728.23
1876,2018-02-19,10871.86
1877,2018-02-20,11508.63
1878,2018-02-21,10794.55
1879,2018-02-22,10275.42
1880,2018-02-23,10015.34
1881,2018-02-24,9937.68
1882,2018-02-25,9607.3
1883,2018-02-26,9912.26
1884,2018-02-27,10555.07
1885,2018-02-28,10626.22
1886,2018-03-01,10654.46
1887,2018-03-02,10993.08
1888,2018-03-03,11347.04
1889,2018-03-04,11252.28
1890,2018-03-05,11519.26
1891,2018-03-06,11031.84
1892,2018-03-07,10419.22
1893,2018-03-08,9720.42
1894,2018-03-09,8916.99
1895,2018-03-10,9247.17
1896,2018-03-11,9062.5
1897,2018-03-12,9446.25
1898,2018-03-13,9161.52
1899,2018-03-14,8775.32
1900,2018-03-15,8117.23
1901,2018-03-16,8320.91
1902,2018-03-17,8089.28
1903,2018-03-18,7683.14
1904,2018-03-19,8354.8
1905,2018-03-20,8619.11
1906,2018-03-21,8986.65
1907,2018-03-22,8798.86
1908,2018-03-23,8541.93
1909,2018-03-24,8868.89
1910,2018-03-25,8548.31
1911,2018-03-26,8226.23
1912,2018-03-27,7976.27
1913,2018-03-28,7927.13
1914,2018-03-29,7531.29
1915,2018-03-30,6896.84
1916,2018-03-31,7012.75
1917,2018-04-01,6811.21
1918,2018-04-02,6988.06
1919,2018-04-03,7337.19
1920,2018-04-04,7089.76
1921,2018-04-05,6765.13
1922,2018-04-06,6656.71
1923,2018-04-07,6895.85
1924,2018-04-08,6997.47
1925,2018-04-09,6900.51
1926,2018-04-10,6785.49
1927,2018-04-11,6888.64
1928,2018-04-12,7344.38
1929,2018-04-13,7997.64
1930,2018-04-14,8013.29
1931,2018-04-15,8224.93
1932,2018-04-16,8083.22
1933,2018-04-17,8046.5
1934,2018-04-18,8063.28
1935,2018-04-19,8219.44
1936,2018-04-20,8453.89
1937,2018-04-21,8811.07
1938,2018-04-22,8897.07
1939,2018-04-23,8899.31
1940,2018-04-24,9320.22
1941,2018-04-25,9224.06
1942,2018-04-26,8888.48
1943,2018-04-27,9217.62
1944,2018-04-28,9244.94
1945,2018-04-29,9358.85
1946,2018-04-30,9295.23
1947,2018-05-01,8993.58
1948,2018-05-02,9113.3
1949,2018-05-03,9376.89
1950,2018-05-04,9661.22
1951,2018-05-05,9833.24
1952,2018-05-06,9642.74
1953,2018-05-07,9352.53
1954,2018-05-08,9267.95
1955,2018-05-09,9197.15
1956,2018-05-10,9270.71
1957,2018-05-11,8709.88
1958,2018-05-12,8427.91
1959,2018-05-13,8553.57
1960,2018-05-14,8581.9
1961,2018-05-15,8640.73
1962,2018-05-16,8280.66
1963,2018-05-17,8278.66
1964,2018-05-18,8105.39
1965,2018-05-19,8254.03
1966,2018-05-20,8357.69
1967,2018-05-21,8453.93
1968,2018-05-22,8235.9
1969,2018-05-23,7788.86
1970,2018-05-24,7536.96
1971,2018-05-25,7488.3
1972,2018-05-26,7495.52
1973,2018-05-27,7323.39
1974,2018-05-28,7254.85
1975,2018-05-29,7297.64
1976,2018-05-30,7438.15
1977,2018-05-31,7503.72
1978,2018-06-01,7484.78
1979,2018-06-02,7602.45
1980,2018-06-03,7692.15
1981,2018-06-04,7578.55
1982,2018-06-05,7497.56
1983,2018-06-06,7607.2
1984,2018-06-07,7695.98
1985,2018-06-08,7631.13
1986,2018-06-09,7631.04
1987,2018-06-10,7136.12
1988,2018-06-11,6763.6
1989,2018-06-12,6762.47
1990,2018-06-13,6448.11
1991,2018-06-14,6504.88
1992,2018-06-15,6554.5
1993,2018-06-16,6470.82
1994,2018-06-17,6516.02
1995,2018-06-18,6530.45
1996,2018-06-19,6725.6
1997,2018-06-20,6686.08
1998,2018-06-21,6740.2
1999,2018-06-22,6368.06
2000,2018-06-23,6136.58
2001,2018-06-24,6035.6
2002,2018-06-25,6207.7
2003,2018-06-26,6210.62
2004,2018-06-27,6106.8
2005,2018-06-28,6093.67
2006,2018-06-29,5923.32
2007,2018-06-30,6369.27
2008,2018-07-01,6354.46
2009,2018-07-02,6457.68
2010,2018-07-03,6602.28
2011,2018-07-04,6583.88
2012,2018-07-05,6591.43
2013,2018-07-06,6551.59
2014,2018-07-07,6590.53
2015,2018-07-08,6753.23
2016,2018-07-09,6717.42
2017,2018-07-10,6490.62
2018,2018-07-11,6365.93
2019,2018-07-12,6231.49
2020,2018-07-13,6245.02
2021,2018-07-14,6241.93
2022,2018-07-15,6322.78
2023,2018-07-16,6522.3
2024,2018-07-17,6877.29
2025,2018-07-18,7402.39
2026,2018-07-19,7389.53
2027,2018-07-20,7423.37
2028,2018-07-21,7350.87
2029,2018-07-22,7453.17
2030,2018-07-23,7682.19
2031,2018-07-24,8072.93
2032,2018-07-25,8254.61
2033,2018-07-26,8200.21
2034,2018-07-27,8023.64
2035,2018-07-28,8182.14
2036,2018-07-29,8207.5
2037,2018-07-30,8140.7
2038,2018-07-31,7921.44
2039,2018-08-01,7574.17
2040,2018-08-02,7591.66
2041,2018-08-03,7396.59
2042,2018-08-04,7254.06
2043,2018-08-05,7001.3
2044,2018-08-06,6993.32
2045,2018-08-07,6991.22
2046,2018-08-08,6448.97
2047,2018-08-09,6396.37
2048,2018-08-10,6405.77
2049,2018-08-11,6193.4
2050,2018-08-12,6310.19
2051,2018-08-13,6348.5
2052,2018-08-14,6057.9
2053,2018-08-15,6371.92
2054,2018-08-16,6347.74
2055,2018-08-17,6465.06
2056,2018-08-18,6450.92
2057,2018-08-19,6401.24
2058,2018-08-20,6446.63
2059,2018-08-21,6403.33
2060,2018-08-22,6582.44
2061,2018-08-23,6437.41
2062,2018-08-24,6554.24
2063,2018-08-25,6719.61
2064,2018-08-26,6676.95
2065,2018-08-27,6720.03
2066,2018-08-28,6991.33
2067,2018-08-29,7053.47
2068,2018-08-30,6934.05
2069,2018-08-31,6982.98
2070,2018-09-01,7102.3
2071,2018-09-02,7243.58
2072,2018-09-03,7263.75
2073,2018-09-04,7324.44
2074,2018-09-05,7133.28
2075,2018-09-06,6437.31
2076,2018-09-07,6454.32
2077,2018-09-08,6375.23
2078,2018-09-09,6302.95
2079,2018-09-10,6299.58
2080,2018-09-11,6302.29
2081,2018-09-12,6280.4
2082,2018-09-13,6447.73
2083,2018-09-14,6504.68
2084,2018-09-15,6523.09
2085,2018-09-16,6492.63
2086,2018-09-17,6406.76
2087,2018-09-18,6302.83
2088,2018-09-19,6345.14
2089,2018-09-20,6417.94
2090,2018-09-21,6662.99
2091,2018-09-22,6712.92
2092,2018-09-23,6712.15
2093,2018-09-24,6643.98
2094,2018-09-25,6423.53
2095,2018-09-26,6471.01
2096,2018-09-27,6530.34
2097,2018-09-28,6676.13
2098,2018-09-29,6559.86
2099,2018-09-30,6601.61
2100,2018-10-01,6600.3
2101,2018-10-02,6567.79
2102,2018-10-03,6475.03
2103,2018-10-04,6572.98
2104,2018-10-05,6575.81
2105,2018-10-06,6588.16
2106,2018-10-07,6565.9
2107,2018-10-08,6620.14
2108,2018-10-09,6629.48
2109,2018-10-10,6569.85
2110,2018-10-11,6274.91
2111,2018-10-12,6270.23
2112,2018-10-13,6277.89
2113,2018-10-14,6328.17
2114,2018-10-15,6509.79
2115,2018-10-16,6545.88
2116,2018-10-17,6519.47
2117,2018-10-18,6509.41
2118,2018-10-19,6467.15
2119,2018-10-20,6490.4
2120,2018-10-21,6523.43
2121,2018-10-22,6481.04
2122,2018-10-23,6483.53
2123,2018-10-24,6515.15
2124,2018-10-25,6485.97
2125,2018-10-26,6477.13
2126,2018-10-27,6476.32
2127,2018-10-28,6476.09
2128,2018-10-29,6396.96
2129,2018-10-30,6319.47
2130,2018-10-31,6319.77
2131,2018-11-01,6350.71
2132,2018-11-02,6397.53
2133,2018-11-03,6371.1
2134,2018-11-04,6397.46
2135,2018-11-05,6430.64
2136,2018-11-06,6428.01
2137,2018-11-07,6534.81
2138,2018-11-08,6490.9
2139,2018-11-09,6425.71
2140,2018-11-10,6411.7
2141,2018-11-11,6399.03
2142,2018-11-12,6417.32
2143,2018-11-13,6400.17
2144,2018-11-14,6162.22
2145,2018-11-15,5612.81
2146,2018-11-16,5618.53
2147,2018-11-17,5580.01
2148,2018-11-18,5620.2
2149,2018-11-19,5277.84
2150,2018-11-20,4629.09
2151,2018-11-21,4528.99
2152,2018-11-22,4534.66
2153,2018-11-23,4322.84
2154,2018-11-24,4304.14
2155,2018-11-25,3850.26
2156,2018-11-26,3930.07
2157,2018-11-27,3775.8
2158,2018-11-28,4116.45
2159,2018-11-29,4268.57
2160,2018-11-30,4127.3
2161,2018-12-01,4139.13
2162,2018-12-02,4190.53
2163,2018-12-03,4001.04
2164,2018-12-04,3973.22
2165,2018-12-05,3890.72
2166,2018-12-06,3757.86
2167,2018-12-07,3415.97
2168,2018-12-08,3442.08
2169,2018-12-09,3564.51
2170,2018-12-10,3547.51
2171,2018-12-11,3433.8
2172,2018-12-12,3481.88
2173,2018-12-13,3425.05
2174,2018-12-14,3298.89
2175,2018-12-15,3236.72
2176,2018-12-16,3294.84
2177,2018-12-17,3395.92
2178,2018-12-18,3569.7
2179,2018-12-19,3813.69
2180,2018-12-20,3983.01
2181,2018-12-21,4022.91
2182,2018-12-22,3906.52
2183,2018-12-23,4028.51
2184,2018-12-24,4166.01
2185,2018-12-25,3823.04
2186,2018-12-26,3826.13
2187,2018-12-27,3758.42
2188,2018-12-28,3738.65
2189,2018-12-29,3908.58
2190,2018-12-30,3830.08
2191,2018-12-31,3796.71
2192,2019-01-01,3749.58
2193,2019-01-02,3845.97
2194,2019-01-03,3847.28
2195,2019-01-04,3814.31
2196,2019-01-05,3868.6
2197,2019-01-06,3910.21
2198,2019-01-07,4039.81
2199,2019-01-08,4026.27
2200,2019-01-09,4028.4
2201,2019-01-10,3822.94
2202,2019-01-11,3661.36
2203,2019-01-12,3658.29
2204,2019-01-13,3615.31
2205,2019-01-14,3605.31
2206,2019-01-15,3665.91
2207,2019-01-16,3625.01
2208,2019-01-17,3621.46
2209,2019-01-18,3633.57
2210,2019-01-19,3696.01
2211,2019-01-20,3627.33
2212,2019-01-21,3554.3
2213,2019-01-22,3569.12
2214,2019-01-23,3588.62
2215,2019-01-24,3571.46
2216,2019-01-25,3578.23
2217,2019-01-26,3599.82
2218,2019-01-27,3577.53
2219,2019-01-28,3462.21
2220,2019-01-29,3414.53
2221,2019-01-30,3443.39
2222,2019-01-31,3443.72
2223,2019-02-01,3435.53
2224,2019-02-02,3450.77
2225,2019-02-03,3457.24
2226,2019-02-04,3436.57
2227,2019-02-05,3437.24
2228,2019-02-06,3396.52
2229,2019-02-07,3390.84
2230,2019-02-08,3470.72
2231,2019-02-09,3640.16
2232,2019-02-10,3631.24
2233,2019-02-11,3610.54
2234,2019-02-12,3596.21
2235,2019-02-13,3598.72
2236,2019-02-14,3582.7
2237,2019-02-15,3587.5
2238,2019-02-16,3607.27
2239,2019-02-17,3610.69
2240,2019-02-18,3779.04
2241,2019-02-19,3924.61
2242,2019-02-20,3935.45
2243,2019-02-21,3929.22
2244,2019-02-22,3946.84
2245,2019-02-23,4007.33
2246,2019-02-24,4016.09
2247,2019-02-25,3816.51
2248,2019-02-26,3820.82
2249,2019-02-27,3817.13
2250,2019-02-28,3831.8
2251,2019-03-01,3830.92
2252,2019-03-02,3834.99
2253,2019-03-03,3828.3
2254,2019-03-04,3722.0
2255,2019-03-05,3838.0
2256,2019-03-06,3871.05
2257,2019-03-07,3873.17
2258,2019-03-08,3862.423
2259,2019-03-09,3927.1748
2260,2019-03-10,3920.537
2261,2019-03-11,3872.5066
2262,2019-03-12,3882.4272
2263,2019-03-13,3868.1091
2264,2019-03-14,3877.8809
2265,2019-03-15,3924.6606
2266,2019-03-16,4005.9946
2267,2019-03-17,3979.052
2268,2019-03-18,3984.0051
2269,2019-03-19,4014.275
2270,2019-03-20,4054.9812
2271,2019-03-21,3980.7412
2272,2019-03-22,3989.1584
2273,2019-03-23,4007.369
2274,2019-03-24,3991.1096
2275,2019-03-25,3928.5308
2276,2019-03-26,3943.3235
2277,2019-03-27,4033.7576
2278,2019-03-28,4028.5127
2279,2019-03-29,4101.1006
2280,2019-03-30,4118.0386
2281,2019-03-31,4101.1143
2282,2019-04-01,4151.2285
2283,2019-04-02,4875.0317
2284,2019-04-03,4928.172
2285,2019-04-04,4906.0166
2286,2019-04-05,5012.283
2287,2019-04-06,5057.066
2288,2019-04-07,5168.5137
2289,2019-04-08,5237.3784
2290,2019-04-09,5171.2163
2291,2019-04-10,5306.226
2292,2019-04-11,5027.89
2293,2019-04-12,5072.635
2294,2019-04-13,5068.345
2295,2019-04-14,5161.455
2296,2019-04-15,5048.7656
2297,2019-04-16,5215.5083
2298,2019-04-17,5218.9937
2299,2019-04-18,5272.57
2300,2019-04-19,5289.22
2301,2019-04-20,5306.89
2302,2019-04-21,5301.23
2303,2019-04-22,5360.41
2304,2019-04-23,5544.39
2305,2019-04-24,5455.03
2306,2019-04-25,5187.55
2307,2019-04-26,5263.52
2308,2019-04-27,5261.06
2309,2019-04-28,5259.84
2310,2019-04-29,5231.6
2311,2019-04-30,5301.13
2312,2019-05-01,5358.35
2313,2019-05-02,5443.14
2314,2019-05-03,5723.94
2315,2019-05-04,5804.82
2316,2019-05-05,5757.43
2317,2019-05-06,5768.14
2318,2019-05-07,5796.59
2319,2019-05-08,5975.09
2320,2019-05-09,6176.41
2321,2019-05-10,6370.51
2322,2019-05-11,7255.6
2323,2019-05-12,6897.28
2324,2019-05-13,7788.58
2325,2019-05-14,7982.77
2326,2019-05-15,8180.21
2327,2019-05-16,7912.68
2328,2019-05-17,7396.72
2329,2019-05-18,7279.37
2330,2019-05-19,8129.22
2331,2019-05-20,7992.22
2332,2019-05-21,7985.62
2333,2019-05-22,7636.83
2334,2019-05-23,7867.67
2335,2019-05-24,7982.58
2336,2019-05-25,8048.82
2337,2019-05-26,8671.58
2338,2019-05-27,8793.35
2339,2019-05-28,8695.5
2340,2019-05-29,8637.09
2341,2019-05-30,8345.53
2342,2019-05-31,8545.74
2343,2019-06-01,8577.74
2344,2019-06-02,8741.92
2345,2019-06-03,8131.88
2346,2019-06-04,7786.13
2347,2019-06-05,7800.41
2348,2019-06-06,7822.3
2349,2019-06-07,8012.41
2350,2019-06-08,7944.93
2351,2019-06-09,7653.62
2352,2019-06-10,8001.98
2353,2019-06-11,7918.51
2354,2019-06-12,8147.33
2355,2019-06-13,8244.82
2356,2019-06-14,8678.71
2357,2019-06-15,8810.06
2358,2019-06-16,8983.21
2359,2019-06-17,9317.54
2360,2019-06-18,9102.46
2361,2019-06-19,9285.56
2362,2019-06-20,9585.65
2363,2019-06-21,10103.72
2364,2019-06-22,10687.02
2365,2019-06-23,10866.76
2366,2019-06-24,11042.99
2367,2019-06-25,11813.16
2368,2019-06-26,13025.63
2369,2019-06-27,11406.47
2370,2019-06-28,12386.92
2371,2019-06-29,11956.07
2372,2019-06-30,10805.73
2373,2019-07-01,10612.56
2374,2019-07-02,10820.97
2375,2019-07-03,11988.68
2376,2019-07-04,11251.24
2377,2019-07-05,11059.74
2378,2019-07-06,11171.12
2379,2019-07-07,11452.14
2380,2019-07-08,12292.13
2381,2019-07-09,12566.38
2382,2019-07-10,12018.83
2383,2019-07-11,11308.86
2384,2019-07-12,11794.45
2385,2019-07-13,11375.51
2386,2019-07-14,10112.27
2387,2019-07-15,10954.35
2388,2019-07-16,9589.44
2389,2019-07-17,9669.8
2390,2019-07-18,10581.32
2391,2019-07-19,10538.11
2392,2019-07-20,10770.97
2393,2019-07-21,10589.45
2394,2019-07-22,10330.14
2395,2019-07-23,9910.68
2396,2019-07-24,9748.12
2397,2019-07-25,9875.04
2398,2019-07-26,10150.07
2399,2019-07-27,9415.51
2400,2019-07-28,9534.21
2401,2019-07-29,9529.05
2402,2019-07-30,9576.18
2403,2019-07-31,10110.28
2404,2019-08-01,10389.89
2405,2019-08-02,10521.34
2406,2019-08-03,10795.27
2407,2019-08-04,10956.3
2408,2019-08-05,11754.11
2409,2019-08-06,11502.92
2410,2019-08-07,11934.36
2411,2019-08-08,11997.13
2412,2019-08-09,11857.87
2413,2019-08-10,11326.49
2414,2019-08-11,11502.98
2415,2019-08-12,11371.38
2416,2019-08-13,10870.76
2417,2019-08-14,10039.25
2418,2019-08-15,10316.64
2419,2019-08-16,10301.09
2420,2019-08-17,10258.85
2421,2019-08-18,10312.22
2422,2019-08-19,10921.27
2423,2019-08-20,10733.74
2424,2019-08-21,10179.99
2425,2019-08-22,10101.93
2426,2019-08-23,10397.11
2427,2019-08-24,10157.82
2428,2019-08-25,10128.11
2429,2019-08-26,10338.72
2430,2019-08-27,10217.53
2431,2019-08-28,9745.63
2432,2019-08-29,9505.68
2433,2019-08-30,9590.36
2434,2019-08-31,9603.24
2435,2019-09-01,9708.46
2436,2019-09-02,10335.94
2437,2019-09-03,10598.83
2438,2019-09-04,10539.11
2439,2019-09-05,10576.05
2440,2019-09-06,10315.02
2441,2019-09-07,10466.55
2442,2019-09-08,10392.19
2443,2019-09-09,10312.41
2444,2019-09-10,10095.85
2445,2019-09-11,10157.59
2446,2019-09-12,10416.93
2447,2019-09-13,10360.08
2448,2019-09-14,10347.6
2449,2019-09-15,10309.61
2450,2019-09-16,10228.45
2451,2019-09-17,10209.77
2452,2019-09-18,10154.23
2453,2019-09-19,10256.56
2454,2019-09-20,10177.38
2455,2019-09-21,9989.05
2456,2019-09-22,10026.91
2457,2019-09-23,9696.57
2458,2019-09-24,8681.79
2459,2019-09-25,8462.76
2460,2019-09-26,8095.18
2461,2019-09-27,8182.78
2462,2019-09-28,8246.69
2463,2019-09-29,8053.96
2464,2019-09-30,8279.07
2465,2019-10-01,8316.5
2466,2019-10-02,8377.69
2467,2019-10-03,8268.5
2468,2019-10-04,8149.69
2469,2019-10-05,8157.7
2470,2019-10-06,7872.74
2471,2019-10-07,8200.58
2472,2019-10-08,8180.54
2473,2019-10-09,8557.25
2474,2019-10-10,8565.77
2475,2019-10-11,8290.94
2476,2019-10-12,8296.7
2477,2019-10-13,8255.0
2478,2019-10-14,8361.53
2479,2019-10-15,8174.54
2480,2019-10-16,8001.68
2481,2019-10-17,8063.82
2482,2019-10-18,7956.88
2483,2019-10-19,7942.52
2484,2019-10-20,8208.36
2485,2019-10-21,8205.3
2486,2019-10-22,8037.43
2487,2019-10-23,7470.41
2488,2019-10-24,7435.01
2489,2019-10-25,8651.35
2490,2019-10-26,9220.18
2491,2019-10-27,9529.95
2492,2019-10-28,9217.14
2493,2019-10-29,9395.56
2494,2019-10-30,9180.6
2495,2019-10-31,9159.78
2496,2019-11-01,9252.84
2497,2019-11-02,9315.17
2498,2019-11-03,9212.14
2499,2019-11-04,9371.13
2500,2019-11-05,9309.31
2501,2019-11-06,9340.05
2502,2019-11-07,9204.6
2503,2019-11-08,8781.77
2504,2019-11-09,8812.28
2505,2019-11-10,9020.47
2506,2019-11-11,8729.92
2507,2019-11-12,8786.85
2508,2019-11-13,8770.78
2509,2019-11-14,8651.98
2510,2019-11-15,8478.49
2511,2019-11-16,8500.14
2512,2019-11-17,8508.5
2513,2019-11-18,8191.42
2514,2019-11-19,8130.13
2515,2019-11-20,8094.46
2516,2019-11-21,7655.09
2517,2019-11-22,7295.6
2518,2019-11-23,7309.69
2519,2019-11-24,6935.11
2520,2019-11-25,7130.38
2521,2019-11-26,7157.7
2522,2019-11-27,7514.98
2523,2019-11-28,7439.6
2524,2019-11-29,7734.77
2525,2019-11-30,7524.02
2526,2019-12-01,7405.22
2527,2019-12-02,7319.87
2528,2019-12-03,7286.29
2529,2019-12-04,7218.21
2530,2019-12-05,7375.55
2531,2019-12-06,7540.49
2532,2019-12-07,7494.62
2533,2019-12-08,7507.97
2534,2019-12-09,7347.91
2535,2019-12-10,7226.27
2536,2019-12-11,7197.42
2537,2019-12-12,7207.68
2538,2019-12-13,7239.87
2539,2019-12-14,7046.13
2540,2019-12-15,7108.88
2541,2019-12-16,6899.13
2542,2019-12-17,6627.16
2543,2019-12-18,7271.56
2544,2019-12-19,7156.45
2545,2019-12-20,7185.44
2546,2019-12-21,7138.87
2547,2019-12-22,7488.2
2548,2019-12-23,7315.88
2549,2019-12-24,7268.86
2550,2019-12-25,7208.81
2551,2019-12-26,7195.76
2552,2019-12-27,7253.81
2553,2019-12-28,7304.16
2554,2019-12-29,7340.81
2555,2019-12-30,7242.77
2556,2019-12-31,7195.15
2557,2020-01-01,7194.41
2558,2020-01-02,6963.85
2559,2020-01-03,7319.41
2560,2020-01-04,7371.5
2561,2020-01-05,7349.97
2562,2020-01-06,7734.68
2563,2020-01-07,8280.57
2564,2020-01-08,8027.56
2565,2020-01-09,7832.8
2566,2020-01-10,8180.51
2567,2020-01-11,7972.94
2568,2020-01-12,8160.01
2569,2020-01-13,8108.44
2570,2020-01-14,8801.87
2571,2020-01-15,8820.85
2572,2020-01-16,8716.75
2573,2020-01-17,8883.98
2574,2020-01-18,8906.9
2575,2020-01-19,8700.56
2576,2020-01-20,8622.41
2577,2020-01-21,8716.64
2578,2020-01-22,8665.44
2579,2020-01-23,8382.37
2580,2020-01-24,8432.1
2581,2020-01-25,8333.37
2582,2020-01-26,8634.72
2583,2020-01-27,8899.69
2584,2020-01-28,9336.81
2585,2020-01-29,9280.29
2586,2020-01-30,9477.26
2587,2020-01-31,9330.83
2588,2020-02-01,9357.81
2589,2020-02-02,9321.98
2590,2020-02-03,9304.86
2591,2020-02-04,9182.73
2592,2020-02-05,9585.98
2593,2020-02-06,9744.64
2594,2020-02-07,9806.27
2595,2020-02-08,9889.45
2596,2020-02-09,10157.08
2597,2020-02-10,9882.94
2598,2020-02-11,10228.71
2599,2020-02-12,10328.9
2600,2020-02-13,10221.26
2601,2020-02-14,10353.26
2602,2020-02-15,9879.28
2603,2020-02-16,9943.67
2604,2020-02-17,9723.29
2605,2020-02-18,10155.32
2606,2020-02-19,9625.62
2607,2020-02-20,9608.17
2608,2020-02-21,9659.14
2609,2020-02-22,9656.0
2610,2020-02-23,9955.9
2611,2020-02-24,9672.45
2612,2020-02-25,9350.21
2613,2020-02-26,8653.96
2614,2020-02-27,8804.54
2615,2020-02-28,8705.5
2616,2020-02-29,8547.97
2617,2020-03-01,8555.23
2618,2020-03-02,8905.88
2619,2020-03-03,8752.8
2620,2020-03-04,8757.51
2621,2020-03-05,9047.88
2622,2020-03-06,9135.85
2623,2020-03-07,8902.2
2624,2020-03-08,8126.33
2625,2020-03-09,7954.51
2626,2020-03-10,7906.73
2627,2020-03-11,7935.52
2628,2020-03-12,5142.99
2629,2020-03-13,5461.54
2630,2020-03-14,5171.15
2631,2020-03-15,5397.93
2632,2020-03-16,5032.5
2633,2020-03-17,5389.42
2634,2020-03-18,5368.04
2635,2020-03-19,6225.09
2636,2020-03-20,6168.54
2637,2020-03-21,6145.77
2638,2020-03-22,5937.38
2639,2020-03-23,6469.06
2640,2020-03-24,6730.17
2641,2020-03-25,6701.07
2642,2020-03-26,6765.56
2643,2020-03-27,6397.83
2644,2020-03-28,6268.65
2645,2020-03-29,5915.34
2646,2020-03-30,6403.14
2647,2020-03-31,6435.16
2648,2020-04-01,6638.92
2649,2020-04-02,6745.43
2650,2020-04-03,6732.85
2651,2020-04-04,6861.03
2652,2020-04-05,6782.8
2653,2020-04-06,7297.64
2654,2020-04-07,7196.89
2655,2020-04-08,7317.72
2656,2020-04-09,7290.64
2657,2020-04-10,6895.72
2658,2020-04-11,6906.06
2659,2020-04-12,6907.73
2660,2020-04-13,6857.54
2661,2020-04-14,6834.39
2662,2020-04-15,6629.43
2663,2020-04-16,7059.93
2664,2020-04-17,7034.29
2665,2020-04-18,7238.07
2666,2020-04-19,7127.11
2667,2020-04-20,6851.6
2668,2020-04-21,6841.12
2669,2020-04-22,7106.18
2670,2020-04-23,7392.49
2671,2020-04-24,7498.29
2672,2020-04-25,7538.73
2673,2020-04-26,7710.66
2674,2020-04-27,7775.9
2675,2020-04-28,7761.06
2676,2020-04-29,8706.31
2677,2020-04-30,8640.02
2678,2020-05-01,8829.51
2679,2020-05-02,8969.88
2680,2020-05-03,8892.65
2681,2020-05-04,8885.6
2682,2020-05-05,9003.57
2683,2020-05-06,9195.72
2684,2020-05-07,9922.86
2685,2020-05-08,9821.81
2686,2020-05-09,9566.89
2687,2020-05-10,8752.62
2688,2020-05-11,8604.75
2689,2020-05-12,8787.21
2690,2020-05-13,9301.47
2691,2020-05-14,9796.49
2692,2020-05-15,9309.3
2693,2020-05-16,9375.3
2694,2020-05-17,9642.39
2695,2020-05-18,9605.09
2696,2020-05-19,9755.21
2697,2020-05-20,9525.6
2698,2020-05-21,9059.96
2699,2020-05-22,9153.34
2700,2020-05-23,9144.02
2701,2020-05-24,8808.82
2702,2020-05-25,8883.74
2703,2020-05-26,8836.78
2704,2020-05-27,9174.67
2705,2020-05-28,9546.03
2706,2020-05-29,9404.3
2707,2020-05-30,9654.94
2708,2020-05-31,9471.82
2709,2020-06-01,10163.96
2710,2020-06-02,9515.24
2711,2020-06-03,9645.23
2712,2020-06-04,9792.57
2713,2020-06-05,9642.27
2714,2020-06-06,9670.32
2715,2020-06-07,9742.76
2716,2020-06-08,9773.3
2717,2020-06-09,9757.7
2718,2020-06-10,9885.96
2719,2020-06-11,9301.98
2720,2020-06-12,9471.61
2721,2020-06-13,9471.21
2722,2020-06-14,9345.96
2723,2020-06-15,9431.72
2724,2020-06-16,9525.61
2725,2020-06-17,9441.85
2726,2020-06-18,9367.14
2727,2020-06-19,9323.76
2728,2020-06-20,9365.35
2729,2020-06-21,9294.22
2730,2020-06-22,9678.68
2731,2020-06-23,9624.68
2732,2020-06-24,9292.89
2733,2020-06-25,9214.64
2734,2020-06-26,9162.18
2735,2020-06-27,9029.79
2736,2020-06-28,9131.98
2737,2020-06-29,9193.71
2738,2020-06-30,9139.51
2739,2020-07-01,9245.89
2740,2020-07-02,9086.49
2741,2020-07-03,9071.39
2742,2020-07-04,9132.91
2743,2020-07-05,9084.66
2744,2020-07-06,9334.26
2745,2020-07-07,9253.63
2746,2020-07-08,9403.43
2747,2020-07-09,9236.33
2748,2020-07-10,9282.76
2749,2020-07-11,9254.77
2750,2020-07-12,9305.58
2751,2020-07-13,9231.81
2752,2020-07-14,9247.06
2753,2020-07-15,9199.28
2754,2020-07-16,9131.69
2755,2020-07-17,9163.31
2756,2020-07-18,9178.86
2757,2020-07-19,9202.62
2758,2020-07-20,9163.35
2759,2020-07-21,9375.2
2760,2020-07-22,9517.29
2761,2020-07-23,9584.24
2762,2020-07-24,9535.94
2763,2020-07-25,9679.29
2764,2020-07-26,9920.32
2765,2020-07-27,11189.36
2766,2020-07-28,10953.64
2767,2020-07-29,11024.69
2768,2020-07-30,11095.67
2769,2020-07-31,11260.72
2770,2020-08-01,11817.34
2771,2020-08-02,11019.46
2772,2020-08-03,11226.04
2773,2020-08-04,11196.79
2774,2020-08-05,11774.94
2775,2020-08-06,11768.13
2776,2020-08-07,11597.34
2777,2020-08-08,11763.93
2778,2020-08-09,11682.85
2779,2020-08-10,11863.89
2780,2020-08-11,11400.57
2781,2020-08-12,11588.72
2782,2020-08-13,11765.19
2783,2020-08-14,11825.44
2784,2020-08-15,11864.91
2785,2020-08-16,11831.68
2786,2020-08-17,12272.81
2787,2020-08-18,11959.92
2788,2020-08-19,11791.02
2789,2020-08-20,11870.63
2790,2020-08-21,11521.22
2791,2020-08-22,11676.39
2792,2020-08-23,11596.38
2793,2020-08-24,11757.64
2794,2020-08-25,11296.45
2795,2020-08-26,11457.81
2796,2020-08-27,11312.08
2797,2020-08-28,11520.4
2798,2020-08-29,11470.84
2799,2020-08-30,11701.0
2800,2020-08-31,11587.33
2801,2020-09-01,11895.23
2802,2020-09-02,11382.88
2803,2020-09-03,10159.18
2804,2020-09-04,10495.64
2805,2020-09-05,10226.24
2806,2020-09-06,10260.02
2807,2020-09-07,10391.31
2808,2020-09-08,10134.46
2809,2020-09-09,10238.19
2810,2020-09-10,10363.19
2811,2020-09-11,10375.19
2812,2020-09-12,10421.35
2813,2020-09-13,10334.87
2814,2020-09-14,10652.98
2815,2020-09-15,10742.5
2816,2020-09-16,10941.42
2817,2020-09-17,10956.23
2818,2020-09-18,10941.72
2819,2020-09-19,11071.77
2820,2020-09-20,10947.87
2821,2020-09-21,10430.93
2822,2020-09-22,10527.25
2823,2020-09-23,10219.31
2824,2020-09-24,10726.53
2825,2020-09-25,10684.37
2826,2020-09-26,10728.6
2827,2020-09-27,10765.3
2828,2020-09-28,10701.57
2829,2020-09-29,10839.06
2830,2020-09-30,10777.82
2831,2020-10-01,10627.98
2832,2020-10-02,10556.26
2833,2020-10-03,10548.82
2834,2020-10-04,10716.69
2835,2020-10-05,10790.15
2836,2020-10-06,10608.79
2837,2020-10-07,10672.16
2838,2020-10-08,10918.68
2839,2020-10-09,11056.09
2840,2020-10-10,11296.8
2841,2020-10-11,11344.73
2842,2020-10-12,11543.71
2843,2020-10-13,11424.81
2844,2020-10-14,11410.37
2845,2020-10-15,11478.33
2846,2020-10-16,11316.5
2847,2020-10-17,11357.92
2848,2020-10-18,11498.96
2849,2020-10-19,11752.15
2850,2020-10-20,11966.73
2851,2020-10-21,12806.94
2852,2020-10-22,12961.59
2853,2020-10-23,12929.44
2854,2020-10-24,13089.4
2855,2020-10-25,13023.35
2856,2020-10-26,13062.81
2857,2020-10-27,13679.87
2858,2020-10-28,13275.88
2859,2020-10-29,13441.88
2860,2020-10-30,13546.27
2861,2020-10-31,13831.63
2862,2020-11-01,13777.59
2863,2020-11-02,13558.36
2864,2020-11-03,13986.42
2865,2020-11-04,14150.55
2866,2020-11-05,15759.64
2867,2020-11-06,15548.31
2868,2020-11-07,14738.72
2869,2020-11-08,15478.62
2870,2020-11-09,15291.19
2871,2020-11-10,15278.71
2872,2020-11-11,15693.1
2873,2020-11-12,16261.97
2874,2020-11-13,16284.63
2875,2020-11-14,16074.65
2876,2020-11-15,15930.29
2877,2020-11-16,16746.66
2878,2020-11-17,17639.64
2879,2020-11-18,17629.16
2880,2020-11-19,17896.1
2881,2020-11-20,18628.81
2882,2020-11-21,18674.37
2883,2020-11-22,18420.95
2884,2020-11-23,18357.77
2885,2020-11-24,19091.52
2886,2020-11-25,18753.48
2887,2020-11-26,17070.61
2888,2020-11-27,17104.99
2889,2020-11-28,17725.46
2890,2020-11-29,18157.22
2891,2020-11-30,19609.52
2892,2020-12-01,18821.29
2893,2020-12-02,19223.48
2894,2020-12-03,19419.85
2895,2020-12-04,18760.84
2896,2020-12-05,19233.94
2897,2020-12-06,19317.22
2898,2020-12-07,19197.26
2899,2020-12-08,18292.99
2900,2020-12-09,18529.44
2901,2020-12-10,18262.06
2902,2020-12-11,18157.02
2903,2020-12-12,19267.95
2904,2020-12-13,19151.1
2905,2020-12-14,19259.97
2906,2020-12-15,19396.99
2907,2020-12-16,21318.0
2908,2020-12-17,22800.0
2909,2020-12-18,23048.0
2910,2020-12-19,23864.0
2911,2020-12-20,23595.0
2912,2020-12-21,22862.0
2913,2020-12-22,23842.0
2914,2020-12-23,23308.0
2915,2020-12-24,23667.0
2916,2020-12-25,24672.0
2917,2020-12-26,26484.0
2918,2020-12-27,26326.0
2919,2020-12-28,27125.0
2920,2020-12-29,27425.0
2921,2020-12-30,29260.0
2922,2020-12-31,29022.0
2923,2021-01-01,29335.0
2924,2021-01-02,32152.0
2925,2021-01-03,33055.0
2926,2021-01-04,31538.0
2927,2021-01-05,34042.0
2928,2021-01-06,36934.0
2929,2021-01-07,39567.0
2930,2021-01-08,41078.0
2931,2021-01-09,40431.0
2932,2021-01-10,37897.0
2933,2021-01-11,35670.0
2934,2021-01-12,34064.0
2935,2021-01-13,37414.0
2936,2021-01-14,39399.0
2937,2021-01-15,36887.0
2938,2021-01-16,35888.0
2939,2021-01-17,35763.0
2940,2021-01-18,36595.0
2941,2021-01-19,35808.0
2942,2021-01-20,35363.0
2943,2021-01-21,30536.0
2944,2021-01-22,32526.0
2945,2021-01-23,32016.0
2946,2021-01-24,32274.0
2947,2021-01-25,32223.0
2948,2021-01-26,32582.0
2949,2021-01-27,30077.0
2950,2021-01-28,33128.0
2951,2021-01-29,34639.0
2952,2021-01-30,34077.0
2953,2021-01-31,33065.0
2954,2021-02-01,33423.0
2955,2021-02-02,35486.0
2956,2021-02-03,37809.0
2957,2021-02-04,36845.0
2958,2021-02-05,38373.0
2959,2021-02-06,39282.0
2960,2021-02-07,38779.0
2961,2021-02-08,46503.0
2962,2021-02-09,46567.0
2963,2021-02-10,44639.0
2964,2021-02-11,47927.0
2965,2021-02-12,47414.0
2966,2021-02-13,46941.0
2967,2021-02-14,48824.0
2968,2021-02-15,47701.0
2969,2021-02-16,49238.0
2970,2021-02-17,52354.0
2971,2021-02-18,51727.0
2972,2021-02-19,56084.0
2973,2021-02-20,55926.0
2974,2021-02-21,57064.0
2975,2021-02-22,54304.0
2976,2021-02-23,48963.0
2977,2021-02-24,49849.0
2978,2021-02-25,46937.0
2979,2021-02-26,46551.0
2980,2021-02-27,46223.0
2981,2021-02-28,46799.0
2982,2021-03-01,50045.0
2983,2021-03-02,48532.0
2984,2021-03-03,50202.0
2985,2021-03-04,47973.0
2986,2021-03-05,49092.0
2987,2021-03-06,49178.0
2988,2021-03-07,51313.0
2989,2021-03-08,52487.0
2990,2021-03-09,54964.0
2991,2021-03-10,56062.0
2992,2021-03-11,57900.0
2993,2021-03-12,57166.0
2994,2021-03-13,61200.0
2995,2021-03-14,59136.0
2996,2021-03-15,55861.0
2997,2021-03-16,57141.0
2998,2021-03-17,59384.0
2999,2021-03-18,57582.0
3000,2021-03-19,58290.0
3001,2021-03-20,58122.0
3002,2021-03-21,57300.0
3003,2021-03-22,54404.0
3004,2021-03-23,53893.0
3005,2021-03-24,52353.0
3006,2021-03-25,51962.0
3007,2021-03-26,55349.0
3008,2021-03-27,55839.0
3009,2021-03-28,55857.0
3010,2021-03-29,57662.0
3011,2021-03-30,58853.0
3012,2021-03-31,58725.0
3013,2021-04-01,58754.0
3014,2021-04-02,58997.0
3015,2021-04-03,56992.0
3016,2021-04-04,58229.0
3017,2021-04-05,59439.0
3018,2021-04-06,57983.0
3019,2021-04-07,55990.0
3020,2021-04-08,58091.0
3021,2021-04-09,58139.0
3022,2021-04-10,59742.0
3023,2021-04-11,60148.0
3024,2021-04-12,59882.0
3025,2021-04-13,63484.0
3026,2021-04-14,63334.0
3027,2021-04-15,63215.0
3028,2021-04-16,61433.0
3029,2021-04-17,60096.0
3030,2021-04-18,57020.0
3031,2021-04-19,55618.0
3032,2021-04-20,56737.0
3033,2021-04-21,53840.0
3034,2021-04-22,51966.0
3035,2021-04-23,51141.0
3036,2021-04-24,50068.0
3037,2021-04-25,49038.0
3038,2021-04-26,54018.0
3039,2021-04-27,55194.0
3040,2021-04-28,54819.0
3041,2021-04-29,53428.0
3042,2021-04-30,58121.0
3043,2021-05-01,57590.0
3044,2021-05-02,56601.0
3045,2021-05-03,57153.0
3046,2021-05-04,53464.0
3047,2021-05-05,57410.0
3048,2021-05-06,56508.0
3049,2021-05-07,57342.0
3050,2021-05-08,58850.0
3051,2021-05-09,58214.0
3052,2021-05-10,55902.0
3053,2021-05-11,56929.0
3054,2021-05-12,48383.0
3055,2021-05-13,50028.0
3056,2021-05-14,49906.0
3057,2021-05-15,46781.0
3058,2021-05-16,46160.0
3059,2021-05-17,44251.0
3060,2021-05-18,42946.0
3061,2021-05-19,37287.0
3062,2021-05-20,40904.0
3063,2021-05-21,37400.0
3064,2021-05-22,37264.0
3065,2021-05-23,35197.0
3066,2021-05-24,39128.0
3067,2021-05-25,38382.0
3068,2021-05-26,39467.0
3069,2021-05-27,38491.0
3070,2021-05-28,35976.0
3071,2021-05-29,34684.0
3072,2021-05-30,35497.0
3073,2021-05-31,37441.0
3074,2021-06-01,36715.0
3075,2021-06-02,37651.0
3076,2021-06-03,39400.0
3077,2021-06-04,36913.0
3078,2021-06-05,35636.0
3079,2021-06-06,35814.0
3080,2021-06-07,33468.0
3081,2021-06-08,33489.0
3082,2021-06-09,37452.0
3083,2021-06-10,36692.0
3084,2021-06-11,37273.0
3085,2021-06-12,35649.0
3086,2021-06-13,39150.0
3087,2021-06-14,40637.0
3088,2021-06-15,40365.0
3089,2021-06-16,38416.0
3090,2021-06-17,38193.0
3091,2021-06-18,35818.0
3092,2021-06-19,35455.0
3093,2021-06-20,35781.0
3094,2021-06-21,32121.0
3095,2021-06-22,31890.0
3096,2021-06-23,33662.0
3097,2021-06-24,34765.0
3098,2021-06-25,31495.0
3099,2021-06-26,32598.0
3100,2021-06-27,34650.0
3101,2021-06-28,34574.0
3102,2021-06-29,35847.0
3103,2021-06-30,34996.0
3104,2021-07-01,33596.0
3105,2021-07-02,33826.0
3106,2021-07-03,34791.0
3107,2021-07-04,35394.0
3108,2021-07-05,33906.0
3109,2021-07-06,34319.0
3110,2021-07-07,33883.0
3111,2021-07-08,32934.0
3112,2021-07-09,33947.0
3113,2021-07-10,33749.0
3114,2021-07-11,34300.0
3115,2021-07-12,33072.0
3116,2021-07-13,32789.0
3117,2021-07-14,32874.0
3118,2021-07-15,31807.0
3119,2021-07-16,31439.0
3120,2021-07-17,31612.0
3121,2021-07-18,31914.0
3122,2021-07-19,30982.0
3123,2021-07-20,29962.0
3124,2021-07-21,32324.0
3125,2021-07-22,32398.0
3126,2021-07-23,33500.0
3127,2021-07-24,34297.0
3128,2021-07-25,35492.0
3129,2021-07-26,37064.0
3130,2021-07-27,39181.0
3131,2021-07-28,39980.0
3132,2021-07-29,40019.0
3133,2021-07-30,42048.0
3134,2021-07-31,41719.0
3135,2021-08-01,39981.0
3136,2021-08-02,39279.0
3137,2021-08-03,38226.0
3138,2021-08-04,39741.0
3139,2021-08-05,40801.0
3140,2021-08-06,42815.0
3141,2021-08-07,44648.0
3142,2021-08-08,43642.0
3143,2021-08-09,46348.0
3144,2021-08-10,45531.0
3145,2021-08-11,45655.0
3146,2021-08-12,44675.0
3147,2021-08-13,47699.0
3148,2021-08-14,47166.0
3149,2021-08-15,47025.0
3150,2021-08-16,45928.0
3151,2021-08-17,44534.0
3152,2021-08-18,44789.0
3153,2021-08-19,46746.0
3154,2021-08-20,49168.0
3155,2021-08-21,48911.0
3156,2021-08-22,49362.0
3157,2021-08-23,49420.0
3158,2021-08-24,47697.0
3159,2021-08-25,49006.0
3160,2021-08-26,47152.0
3161,2021-08-27,49088.0
3162,2021-08-28,49040.0
3163,2021-08-29,48892.0
3164,2021-08-30,47078.0
3165,2021-08-31,47063.0
3166,2021-09-01,48872.0
3167,2021-09-02,49300.0
3168,2021-09-03,49990.0
3169,2021-09-04,49921.0
3170,2021-09-05,51781.0
3171,2021-09-06,52774.0
3172,2021-09-07,47056.0
3173,2021-09-08,46215.0
3174,2021-09-09,46569.0
3175,2021-09-10,44982.0
3176,2021-09-11,45262.0
3177,2021-09-12,46292.0
3178,2021-09-13,45042.0
3179,2021-09-14,47158.0
3180,2021-09-15,48185.0
3181,2021-09-16,47873.0
3182,2021-09-17,47464.0
3183,2021-09-18,48373.0
3184,2021-09-19,47154.0
3185,2021-09-20,43017.0
3186,2021-09-21,40489.0
3187,2021-09-22,43602.0
3188,2021-09-23,45043.0
3189,2021-09-24,42872.0
3190,2021-09-25,42778.0
3191,2021-09-26,43323.0
3192,2021-09-27,41949.0
3193,2021-09-28,41003.0
3194,2021-09-29,41656.0
3195,2021-09-30,44005.0
3196,2021-10-01,48214.0
3197,2021-10-02,47886.0
3198,2021-10-03,48192.0
3199,2021-10-04,49290.0
3200,2021-10-05,51627.0
3201,2021-10-06,55348.0
3202,2021-10-07,53892.0
3203,2021-10-08,53967.0
3204,2021-10-09,55044.0
3205,2021-10-10,54853.0
3206,2021-10-11,57586.0
3207,2021-10-12,56296.0
3208,2021-10-13,57562.0
3209,2021-10-14,57450.0
3210,2021-10-15,61741.0
3211,2021-10-16,61006.0
3212,2021-10-17,61584.0
3213,2021-10-18,62368.0
3214,2021-10-19,64637.0
3215,2021-10-20,66103.0
3216,2021-10-21,62720.0
3217,2021-10-22,61001.0
3218,2021-10-23,61602.0
3219,2021-10-24,61173.0
3220,2021-10-25,63182.0
3221,2021-10-26,60729.0
3222,2021-10-27,58624.0
3223,2021-10-28,60765.0
3224,2021-10-29,62376.0
3225,2021-10-30,61893.0
3226,2021-10-31,61412.0
3227,2021-11-01,61051.0
3228,2021-11-02,63283.0
3229,2021-11-03,63055.0
3230,2021-11-04,61649.0
3231,2021-11-05,61247.0
3232,2021-11-06,61673.0
3233,2021-11-07,63433.0
3234,2021-11-08,67492.0
3235,2021-11-09,67087.0
3236,2021-11-10,65061.0
3237,2021-11-11,64947.0
3238,2021-11-12,64425.0
3239,2021-11-13,64661.0
3240,2021-11-14,65858.0
3241,2021-11-15,63934.0
3242,2021-11-16,60449.0
3243,2021-11-17,60613.0
3244,2021-11-18,57262.0
3245,2021-11-19,58942.0
3246,2021-11-20,59950.0
3247,2021-11-21,59148.0
3248,2021-11-22,56348.0
3249,2021-11-23,57749.0
3250,2021-11-24,57347.0
3251,2021-11-25,58844.0
3252,2021-11-26,53865.0
3253,2021-11-27,54724.0
3254,2021-11-28,57349.0
3255,2021-11-29,57849.0
3256,2021-11-30,57003.0
3257,2021-12-01,57162.0
3258,2021-12-02,56565.0
3259,2021-12-03,53445.0
3260,2021-12-04,49162.0
3261,2021-12-05,49370.0
3262,2021-12-06,50645.0
3263,2021-12-07,50648.0
3264,2021-12-08,50799.0
3265,2021-12-09,47874.0
3266,2021-12-10,47304.0
3267,2021-12-11,49252.0
3268,2021-12-12,50142.0
3269,2021-12-13,46631.0
3270,2021-12-14,48306.0
3271,2021-12-15,49049.0
3272,2021-12-16,47719.0
3273,2021-12-17,46079.0
3274,2021-12-18,46904.0
3275,2021-12-19,46883.0
3276,2021-12-20,47123.0
3277,2021-12-21,49051.0
3278,2021-12-22,48745.0
3279,2021-12-23,50901.0
3280,2021-12-24,51051.0
3281,2021-12-25,50493.0
3282,2021-12-26,50960.0
3283,2021-12-27,50686.0
3284,2021-12-28,47725.0
3285,2021-12-29,46876.0
3286,2021-12-30,47394.0
3287,2021-12-31,46288.0
3288,2022-01-01,47649.0
3289,2022-01-02,47315.0
3290,2022-01-03,46531.0
3291,2022-01-04,45873.0
3292,2022-01-05,43647.0
3293,2022-01-06,43201.0
3294,2022-01-07,41647.0
3295,2022-01-08,41642.0
3296,2022-01-09,41991.0
3297,2022-01-10,41870.0
3298,2022-01-11,42746.0
3299,2022-01-12,44010.0
3300,2022-01-13,42672.0
3301,2022-01-14,43121.0
3302,2022-01-15,43140.0
3303,2022-01-16,43150.0
3304,2022-01-17,42357.0
3305,2022-01-18,42317.0
3306,2022-01-19,41752.0
3307,2022-01-20,40706.0
3308,2022-01-21,36643.0
3309,2022-01-22,35244.0
3310,2022-01-23,36311.0
3311,2022-01-24,36463.0
3312,2022-01-25,36935.0
3313,2022-01-26,37068.0
3314,2022-01-27,37367.0
3315,2022-01-28,38005.0
3316,2022-01-29,38254.0
3317,2022-01-30,37836.0
3318,2022-01-31,38516.0
3319,2022-02-01,38718.0
3320,2022-02-02,37052.0
3321,2022-02-03,37302.0
3322,2022-02-04,41633.0
3323,2022-02-05,41494.0
3324,2022-02-06,42353.0
3325,2022-02-07,43978.0
3326,2022-02-08,44166.0
3327,2022-02-09,44422.0
3328,2022-02-10,43334.0
3329,2022-02-11,42437.0
3330,2022-02-12,42283.0
3331,2022-02-13,42172.0
3332,2022-02-14,42616.0
3333,2022-02-15,44444.0
3334,2022-02-16,43937.0
3335,2022-02-17,40570.0
3336,2022-02-18,40056.0
3337,2022-02-19,40180.0
3338,2022-02-20,38433.0
3339,2022-02-21,37107.0
3340,2022-02-22,38335.0
3341,2022-02-23,37397.0
3342,2022-02-24,38389.0
3343,2022-02-25,39311.0
3344,2022-02-26,39194.0
3345,2022-02-27,37842.0
3346,2022-02-28,43363.0
3347,2022-03-01,44514.0
3348,2022-03-02,43881.0
3349,2022-03-03,42495.0
3350,2022-03-04,39090.0
3351,2022-03-05,39466.0
3352,2022-03-06,38470.0
3353,2022-03-07,38076.0
3354,2022-03-08,38744.0
3355,2022-03-09,41897.0
3356,2022-03-10,39414.0
3357,2022-03-11,38773.0
3358,2022-03-12,38904.0
3359,2022-03-13,37826.0
3360,2022-03-14,39662.0
3361,2022-03-15,39350.0
3362,2022-03-16,41127.0
3363,2022-03-17,40987.0
3364,2022-03-18,41818.0
3365,2022-03-19,42248.0
3366,2022-03-20,41343.0
3367,2022-03-21,41062.0
3368,2022-03-22,42370.0
3369,2022-03-23,42899.0
3370,2022-03-24,43936.0
3371,2022-03-25,44378.0
3372,2022-03-26,44497.0
3373,2022-03-27,46684.0
3374,2022-03-28,46995.0
3375,2022-03-29,47355.0
3376,2022-03-30,47031.0
3377,2022-03-31,45550.0
3378,2022-04-01,46188.0
3379,2022-04-02,45918.0
3380,2022-04-03,46435.0
3381,2022-04-04,46627.0
3382,2022-04-05,45557.0
3383,2022-04-06,43218.0
3384,2022-04-07,43488.0
3385,2022-04-08,42332.0
3386,2022-04-09,42806.0
3387,2022-04-10,42111.0
3388,2022-04-11,39599.0
3389,2022-04-12,40101.0
3390,2022-04-13,41258.0
3391,2022-04-14,39959.0
3392,2022-04-15,40530.0
3393,2022-04-16,40457.0
3394,2022-04-17,39750.0
3395,2022-04-18,40873.0
3396,2022-04-19,41498.0
3397,2022-04-20,41384.0
3398,2022-04-21,40358.0
3399,2022-04-22,39784.0
3400,2022-04-23,39555.0
3401,2022-04-24,39486.0
3402,2022-04-25,40484.0
3403,2022-04-26,38146.0
3404,2022-04-27,39224.0
3405,2022-04-28,39742.0
3406,2022-04-29,38651.0
3407,2022-04-30,37765.0
3408,2022-05-01,38502.0
3409,2022-05-02,38559.0
3410,2022-05-03,37847.0
3411,2022-05-04,39754.0
3412,2022-05-05,36630.0
3413,2022-05-06,36076.0
3414,2022-05-07,35572.0
3415,2022-05-08,34050.0
3416,2022-05-09,30321.0
3417,2022-05-10,31112.0
3418,2022-05-11,28913.0
3419,2022-05-12,29126.0
3420,2022-05-13,29310.0
3421,2022-05-14,30200.0
3422,2022-05-15,31254.0
3423,2022-05-16,30046.0
3424,2022-05-17,30614.0
3425,2022-05-18,28887.0
3426,2022-05-19,30082.0
3427,2022-05-20,29293.0
3428,2022-05-21,29481.0
3429,2022-05-22,30351.0
3430,2022-05-23,29259.0
3431,2022-05-24,29647.0
3432,2022-05-25,29623.0
3433,2022-05-26,29347.0
3434,2022-05-27,28638.0
3435,2022-05-28,29060.0
3436,2022-05-29,29493.0
3437,2022-05-30,31684.0
3438,2022-05-31,31836.0
3439,2022-06-01,29817.0
3440,2022-06-02,30488.0
3441,2022-06-03,29767.0
3442,2022-06-04,29851.0
3443,2022-06-05,29918.0
3444,2022-06-06,31373.0
3445,2022-06-07,31248.0
3446,2022-06-08,30229.0
3447,2022-06-09,30087.0
3448,2022-06-10,29176.0
3449,2022-06-11,28432.0
3450,2022-06-12,26672.0
3451,2022-06-13,22617.0
3452,2022-06-14,22177.0
3453,2022-06-15,22575.0
3454,2022-06-16,20457.0
3455,2022-06-17,20514.0
3456,2022-06-18,19000.43
3457,2022-06-19,20553.0
3458,2022-06-20,20637.0
3459,2022-06-21,20689.0
3460,2022-06-22,19975.62
3461,2022-06-23,21071.0
3462,2022-06-24,21261.0
3463,2022-06-25,21506.0
3464,2022-06-26,21070.0
3465,2022-06-27,20751.0
3466,2022-06-28,20290.0
3467,2022-06-29,20120.0
3468,2022-06-30,19627.97
3469,2022-07-01,19269.71
3470,2022-07-02,19270.23
3471,2022-07-03,19310.23
3472,2022-07-04,20233.0
3473,2022-07-05,20188.0
3474,2022-07-06,20568.0
3475,2022-07-07,21598.0
3476,2022-07-08,21767.0
3477,2022-07-09,21584.0
3478,2022-07-10,20854.0
3479,2022-07-11,19966.92
3480,2022-07-12,19367.81
3481,2022-07-13,20375.0
3482,2022-07-14,20507.0
3483,2022-07-15,20850.0
3484,2022-07-16,21176.0
3485,2022-07-17,20813.0
3486,2022-07-18,22443.0
3487,2022-07-19,23339.0
3488,2022-07-20,23291.0
3489,2022-07-21,23143.0
3490,2022-07-22,22700.0
3491,2022-07-23,22484.0
3492,2022-07-24,22656.0
3493,2022-07-25,21330.0
3494,2022-07-26,21254.0
3495,2022-07-27,22914.0
3496,2022-07-28,23869.0
3497,2022-07-29,23858.0
3498,2022-07-30,23659.0
3499,2022-07-31,23327.0
3500,2022-08-01,23321.0
3501,2022-08-02,23017.0
3502,2022-08-03,22860.0
3503,2022-08-04,22668.0
3504,2022-08-05,23237.0
3505,2022-08-06,22974.0
3506,2022-08-07,23207.0
3507,2022-08-08,23812.0
3508,2022-08-09,23110.0
3509,2022-08-10,24021.0
3510,2022-08-11,23915.0
3511,2022-08-12,24407.0
3512,2022-08-13,24437.0
3513,2022-08-14,24339.0
3514,2022-08-15,24152.0
3515,2022-08-16,23896.0
3516,2022-08-17,23412.0
3517,2022-08-18,23247.0
3518,2022-08-19,20931.0
3519,2022-08-20,21173.0
3520,2022-08-21,21523.0
3521,2022-08-22,21403.0
3522,2022-08-23,21538.0
3523,2022-08-24,21370.0
3524,2022-08-25,21590.0
3525,2022-08-26,20248.0
3526,2022-08-27,20055.0
3527,2022-08-28,19663.83
3528,2022-08-29,20270.0
3529,2022-08-30,19910.5
3530,2022-08-31,20023.0
3531,2022-09-01,20141.0
3532,2022-09-02,19964.29
3533,2022-09-03,19826.13
3534,2022-09-04,19960.54
3535,2022-09-05,19787.45
3536,2022-09-06,18871.36
3537,2022-09-07,19349.67
3538,2022-09-08,19374.22
3539,2022-09-09,21383.0
3540,2022-09-10,21719.0
3541,2022-09-11,21772.0
3542,2022-09-12,22354.0
3543,2022-09-13,20178.0
3544,2022-09-14,20236.0
3545,2022-09-15,19620.23
3546,2022-09-16,19846.86
3547,2022-09-17,20117.0
3548,2022-09-18,19434.2
3549,2022-09-19,19548.81
3550,2022-09-20,18886.64
3551,2022-09-21,18479.7
3552,2022-09-22,19447.11
3553,2022-09-23,19316.27
3554,2022-09-24,18953.57
3555,2022-09-25,18789.87
3556,2022-09-26,19211.72
3557,2022-09-27,19207.3
3558,2022-09-28,19464.3
3559,2022-09-29,19563.78
3560,2022-09-30,19448.06
3561,2022-10-01,19316.66
3562,2022-10-02,19069.02
3563,2022-10-03,19621.39
3564,2022-10-04,20347.0
3565,2022-10-05,20149.0
3566,2022-10-06,20031.0
3567,2022-10-07,19540.81
3568,2022-10-08,19418.11
3569,2022-10-09,19443.11
3570,2022-10-10,19142.69
3571,2022-10-11,19063.11
3572,2022-10-12,19152.89
3573,2022-10-13,19398.96
3574,2022-10-14,19195.67
3575,2022-10-15,19086.46
3576,2022-10-16,19278.35
3577,2022-10-17,19543.42
3578,2022-10-18,19335.22
3579,2022-10-19,19129.34
3580,2022-10-20,19062.84
3581,2022-10-21,19171.05
3582,2022-10-22,19218.3
3583,2022-10-23,19558.15
3584,2022-10-24,19322.64
3585,2022-10-25,20096.0
3586,2022-10-26,20812.0
3587,2022-10-27,20287.0
3588,2022-10-28,20595.0
3589,2022-10-29,20820.0
3590,2022-10-30,20628.0
3591,2022-10-31,20491.0
3592,2022-11-01,20488.0
3593,2022-11-02,20161.0
3594,2022-11-03,20206.0
3595,2022-11-04,21153.0
3596,2022-11-05,21290.0
3597,2022-11-06,20925.0
3598,2022-11-07,20605.0
3599,2022-11-08,18570.31
3600,2022-11-09,15915.96
3601,2022-11-10,17566.29
3602,2022-11-11,17100.33
3603,2022-11-12,16797.85
3604,2022-11-13,16343.12
3605,2022-11-14,16638.24
3606,2022-11-15,16898.91
3607,2022-11-16,16689.91
3608,2022-11-17,16894.6
3609,2022-11-18,16699.7
3610,2022-11-19,16727.15
3611,2022-11-20,16215.68
3612,2022-11-21,15829.14
3613,2022-11-22,16205.33
3614,2022-11-23,16637.74
3615,2022-11-24,16614.47
3616,2022-11-25,16509.55
3617,2022-11-26,16473.58
3618,2022-11-27,16473.15
3619,2022-11-28,16224.03
3620,2022-11-29,16457.27
3621,2022-11-30,17162.94
3622,2022-12-01,16974.19
3623,2022-12-02,17164.23
3624,2022-12-03,16970.09
3625,2022-12-04,17133.54
3626,2022-12-05,17002.4
3627,2022-12-06,17071.7
3628,2022-12-07,16849.19
3629,2022-12-08,17233.91
3630,2022-12-09,17146.82
3631,2022-12-10,17121.26
3632,2022-12-11,17033.13
3633,2022-12-12,17206.98
3634,2022-12-13,17781.21
3635,2022-12-14,17835.72
3636,2022-12-15,17341.72
3637,2022-12-16,16674.82
3638,2022-12-17,16783.53
3639,2022-12-18,16742.25
3640,2022-12-19,16442.72
3641,2022-12-20,16918.05
3642,2022-12-21,16833.1
3643,2022-12-22,16828.62
3644,2022-12-23,16791.49
3645,2022-12-24,16843.54
3646,2022-12-25,16842.72
3647,2022-12-26,16907.44
3648,2022-12-27,16699.06
3649,2022-12-28,16541.56
3650,2022-12-29,16644.59
3651,2022-12-30,16609.13
3652,2022-12-31,16541.8
3653,2023-01-01,16599.51
3654,2023-01-02,16679.75
3655,2023-01-03,16668.84
3656,2023-01-04,16858.14
3657,2023-01-05,16837.68
3658,2023-01-06,16957.17
3659,2023-01-07,16956.94
3660,2023-01-08,17082.58
3661,2023-01-09,17194.91
3662,2023-01-10,17450.63
3663,2023-01-11,17994.56
3664,2023-01-12,18862.31
3665,2023-01-13,19984.35
3666,2023-01-14,20934.0
3667,2023-01-15,20925.0
3668,2023-01-16,21145.0
3669,2023-01-17,21159.0
3670,2023-01-18,20738.0
3671,2023-01-19,21085.0
3672,2023-01-20,22653.0
3673,2023-01-21,22853.0
3674,2023-01-22,22727.0
3675,2023-01-23,22983.0
3676,2023-01-24,22661.0
3677,2023-01-25,23118.0
3678,2023-01-26,23033.0
3679,2023-01-27,23082.0
3680,2023-01-28,23027.0
3681,2023-01-29,23763.0
3682,2023-01-30,22843.0
3683,2023-01-31,23066.0
3684,2023-02-01,23768.0
3685,2023-02-02,23570.0
3686,2023-02-03,23391.0
3687,2023-02-04,23340.0
3688,2023-02-05,22981.0
3689,2023-02-06,22836.0
3690,2023-02-07,23267.0
3691,2023-02-08,22964.0
3692,2023-02-09,21832.0
3693,2023-02-10,21643.0
3694,2023-02-11,21867.0
3695,2023-02-12,21815.0
3696,2023-02-13,21804.0
3697,2023-02-14,22216.0
3698,2023-02-15,24328.0
3699,2023-02-16,23590.0
3700,2023-02-17,24632.0
3701,2023-02-18,24641.0
3702,2023-02-19,24284.0
3703,2023-02-20,24792.0
3704,2023-02-21,24422.0
3705,2023-02-22,24148.0
3706,2023-02-23,23959.0
3707,2023-02-24,23224.0
3708,2023-02-25,23145.0
3709,2023-02-26,23525.0
3710,2023-02-27,23514.0
3711,2023-02-28,23204.0
3712,2023-03-01,23624.0
3713,2023-03-02,23469.0
3714,2023-03-03,22352.0
3715,2023-03-04,22370.0
3716,2023-03-05,22435.0
3717,2023-03-06,22414.0
3718,2023-03-07,22218.0
3719,2023-03-08,21722.0
3720,2023-03-09,20377.0
3721,2023-03-10,20174.0
3722,2023-03-11,20513.0
3723,2023-03-12,22184.0
3724,2023-03-13,24202.0
3725,2023-03-14,24712.0
3726,2023-03-15,24421.0
3727,2023-03-16,25036.0
3728,2023-03-17,27534.0
3729,2023-03-18,27155.0
3730,2023-03-19,28225.0
3731,2023-03-20,27984.0
3732,2023-03-21,28257.0
3733,2023-03-22,27422.0
3734,2023-03-23,28454.0
3735,2023-03-24,27644.0
3736,2023-03-25,27657.0
3737,2023-03-26,28005.0
3738,2023-03-27,27118.0
3739,2023-03-28,27290.0
3740,2023-03-29,28402.0
3741,2023-03-30,28032.0
3742,2023-03-31,28512.0
3743,2023-04-01,28535.0
3744,2023-04-02,28192.0
3745,2023-04-03,27825.0
3746,2023-04-04,28186.0
3747,2023-04-05,28102.0
3748,2023-04-06,28056.0
3749,2023-04-07,27932.0
3750,2023-04-08,27955.0
3751,2023-04-09,28351.0
3752,2023-04-10,29673.0
3753,2023-04-11,30261.0
3754,2023-04-12,29985.0
3755,2023-04-13,30428.0
3756,2023-04-14,30469.0
3757,2023-04-15,30316.0
3758,2023-04-16,30313.0
3759,2023-04-17,29458.0
3760,2023-04-18,30402.0
3761,2023-04-19,28855.0
3762,2023-04-20,28268.0
3763,2023-04-21,27281.0
3764,2023-04-22,27831.0
3765,2023-04-23,27593.0
3766,2023-04-24,27510.0
3767,2023-04-25,28385.0
3768,2023-04-26,28453.0
3769,2023-04-27,29487.0
3770,2023-04-28,29355.0
3771,2023-04-29,29267.0
3772,2023-04-30,29289.0
3773,2023-05-01,28015.0
3774,2023-05-02,28676.0
3775,2023-05-03,29005.0
3776,2023-05-04,28855.0
3777,2023-05-05,29524.0
3778,2023-05-06,28858.0
3779,2023-05-07,28474.0
3780,2023-05-08,27678.0
3781,2023-05-09,27769.0
3782,2023-05-10,27619.0
3783,2023-05-11,26997.0
3784,2023-05-12,26797.0
3785,2023-05-13,26786.0
3786,2023-05-14,26929.0
3787,2023-05-15,27190.0
3788,2023-05-16,27026.0
3789,2023-05-17,27386.0
3790,2023-05-18,26872.0
3791,2023-05-19,26849.0
3792,2023-05-20,27102.0
3793,2023-05-21,26754.0
3794,2023-05-22,26862.0
3795,2023-05-23,27222.0
3796,2023-05-24,26350.0
3797,2023-05-25,26475.0
3798,2023-05-26,26709.0
3799,2023-05-27,26848.0
3800,2023-05-28,28258.0
3801,2023-05-29,27741.0
3802,2023-05-30,27691.0
3803,2023-05-31,27248.0
3804,2023-06-01,26821.0
3805,2023-06-02,27224.0
3806,2023-06-03,27052.0
3807,2023-06-04,27103.0
3808,2023-06-05,25745.0
3809,2023-06-06,27235.0
3810,2023-06-07,26322.0
3811,2023-06-08,26512.0
3812,2023-06-09,26471.0
3813,2023-06-10,25854.0
3814,2023-06-11,25919.0
3815,2023-06-12,25976.0
3816,2023-06-13,25941.0
3817,2023-06-14,25112.0
3818,2023-06-15,25462.0
3819,2023-06-16,26328.0
3820,2023-06-17,26509.0
3821,2023-06-18,26375.0
3822,2023-06-19,26789.0
3823,2023-06-20,28351.0
3824,2023-06-21,30195.0
3825,2023-06-22,29945.0
3826,2023-06-23,30712.0
3827,2023-06-24,30530.0
3828,2023-06-25,30457.0
3829,2023-06-26,30271.0
3830,2023-06-27,30674.0
3831,2023-06-28,30097.0
3832,2023-06-29,30463.0
3833,2023-06-30,30510.0
3834,2023-07-01,30584.0
3835,2023-07-02,30614.0
3836,2023-07-03,31155.0
3837,2023-07-04,30773.0
3838,2023-07-05,30471.0
3839,2023-07-06,29947.0
3840,2023-07-07,30351.0
3841,2023-07-08,30298.0
3842,2023-07-09,30142.0
3843,2023-07-10,30429.0
3844,2023-07-11,30621.0
3845,2023-07-12,30400.0
3846,2023-07-13,31465.0
3847,2023-07-14,30317.0
3848,2023-07-15,30304.0
3849,2023-07-16,30281.0
3850,2023-07-17,30144.0
3851,2023-07-18,29857.0
3852,2023-07-19,29915.0
3853,2023-07-20,29797.0
3854,2023-07-21,29908.0
3855,2023-07-22,29822.0
3856,2023-07-23,30080.0
3857,2023-07-24,29168.0
3858,2023-07-25,29218.0
3859,2023-07-26,29349.0
3860,2023-07-27,29234.0
3861,2023-07-28,29311.0
3862,2023-07-29,29343.0
3863,2023-07-30,29293.0
3864,2023-07-31,29217.0
3865,2023-08-01,29729.0
3866,2023-08-02,29152.0
3867,2023-08-03,29177.0
3868,2023-08-04,29081.0
3869,2023-08-05,29036.0
3870,2023-08-06,29043.0
3871,2023-08-07,29167.0
3872,2023-08-08,29767.0
3873,2023-08-09,29583.0
3874,2023-08-10,29423.0
3875,2023-08-11,29407.0
3876,2023-08-12,29414.0
3877,2023-08-13,29279.0
3878,2023-08-14,29396.0
3879,2023-08-15,29184.0
3880,2023-08-16,28705.0
3881,2023-08-17,26703.0
3882,2023-08-18,26050.0
3883,2023-08-19,26095.0
3884,2023-08-20,26189.0
3885,2023-08-21,26132.0
3886,2023-08-22,26032.0
3887,2023-08-23,26433.0
3888,2023-08-24,26122.0
3889,2023-08-25,26045.0
3890,2023-08-26,25989.0
3891,2023-08-27,26082.0
3892,2023-08-28,26089.0
3893,2023-08-29,27720.0
3894,2023-08-30,27306.0
3895,2023-08-31,25937.0
3896,2023-09-01,25789.0
3897,2023-09-02,25858.0
3898,2023-09-03,25943.0
3899,2023-09-04,25805.0
3900,2023-09-05,25809.0
3901,2023-09-06,25749.0
3902,2023-09-07,26217.0
3903,2023-09-08,25907.0
3904,2023-09-09,25880.0
3905,2023-09-10,25849.0
3906,2023-09-11,25161.0
3907,2023-09-12,25832.0
3908,2023-09-13,26218.0
3909,2023-09-14,26531.0
3910,2023-09-15,26632.0
3911,2023-09-16,26517.0
3912,2023-09-17,26533.0
3913,2023-09-18,26754.0
3914,2023-09-19,27216.0
3915,2023-09-20,27109.0
3916,2023-09-21,26591.0
3917,2023-09-22,26605.0
3918,2023-09-23,26576.0
3919,2023-09-24,26231.0
3920,2023-09-25,26297.0
3921,2023-09-26,26214.0
3922,2023-09-27,26353.0
3923,2023-09-28,27096.0
3924,2023-09-29,26904.0
3925,2023-09-30,26984.0
3926,2023-10-01,27996.0
3927,2023-10-02,27516.0
3928,2023-10-03,27425.0
3929,2023-10-04,27783.0
3930,2023-10-05,27425.0
3931,2023-10-06,27946.0
3932,2023-10-07,27978.0
3933,2023-10-08,27867.0
3934,2023-10-09,27585.0
3935,2023-10-10,27394.0
3936,2023-10-11,26859.0
3937,2023-10-12,26745.0
3938,2023-10-13,26868.0
3939,2023-10-14,26861.0
3940,2023-10-15,27188.0
3941,2023-10-16,28524.0
3942,2023-10-17,28442.0
3943,2023-10-18,28331.0
3944,2023-10-19,28782.0
3945,2023-10-20,29681.0
3946,2023-10-21,29920.0
3947,2023-10-22,29988.0
3948,2023-10-23,33060.0
3949,2023-10-24,33936.0
3950,2023-10-25,34529.0
3951,2023-10-26,34111.0
3952,2023-10-27,33909.0
3953,2023-10-28,34052.0
3954,2023-10-29,34575.0
3955,2023-10-30,34504.0
3956,2023-10-31,34610.0
3957,2023-11-01,35588.0
3958,2023-11-02,34937.0
3959,2023-11-03,34723.0
3960,2023-11-04,35101.0
3961,2023-11-05,35038.0
3962,2023-11-06,34997.0
3963,2023-11-07,35440.0
3964,2023-11-08,35645.0
